46,<0.1,11,60,71,parent,GAC
47,<0.1,12,60,71,parent,GAC
47,<0.1,13,60,71,parent,GAC
48,<0.1,14,60,71,parent,GAC
49,<0.1,15,60,71,parent,GAC
49,<0.1,16,60,71,parent,GAC
50,<0.1,17,60,71,parent,GAC
51,0.1,18,60,71,parent,GAC
52,0.1,19,60,71,parent,GAC
52,0.1,20,60,71,parent,GAC
53,0.1,21,60,71,parent,GAC
54,0.1,22,60,71,parent,GAC
54,0.1,23,60,71,parent,GAC
55,0.1,24,60,71,parent,GAC
56,0.2,25,60,71,parent,GAC
56,0.2,26,60,71,parent,GAC
57,0.2,27,60,71,parent,GAC
58,0.3,28,60,71,parent,GAC
58,0.3,29,60,71,parent,GAC
59,0.3,30,60,71,parent,GAC
60,0.4,31,60,71,parent,GAC
60,0.4,32,60,71,parent,GAC
61,0.5,33,60,71,parent,GAC
62,1,34,60,71,parent,GAC
62,1,35,60,71,parent,GAC
63,1,36,60,71,parent,GAC
64,1,37,60,71,parent,GAC
64,1,38,60,71,parent,GAC
65,1,39,60,71,parent,GAC
66,1,40,60,71,parent,GAC
66,1,41,60,71,parent,GAC
67,1,42,60,71,parent,GAC
68,2,34,60,71,parent,GAC
68,2,44,60,71,parent,GAC
69,2,45,60,71,parent,GAC
70,2,46,60,71,parent,GAC
70,2,47,60,71,parent,GAC
71,3,48,60,71,parent,GAC
72,3,49,60,71,parent,GAC
72,3,50,60,71,parent,GAC
73,4,51,60,71,parent,GAC
74,4,52,60,71,parent,GAC
74,4,53,60,71,parent,GAC
75,5,54,60,71,parent,GAC
76,5,55,60,71,parent,GAC
76,5,56,60,71,parent,GAC
77,6,57,60,71,parent,GAC
78,7,58,60,71,parent,GAC
78,7,59,60,71,parent,GAC
79,8,60,60,71,parent,GAC
80,9,61,60,71,parent,GAC
80,9,62,60,71,parent,GAC
81,10,63,60,71,parent,GAC
82,12,64,60,71,parent,GAC
82,12,65,60,71,parent,GAC
83,13,66,60,71,parent,GAC
84,14,67,60,71,parent,GAC
84,14,68,60,71,parent,GAC
85,16,69,60,71,parent,GAC
86,18,70,60,71,parent,GAC
86,18,71,60,71,parent,GAC
87,19,72,60,71,parent,GAC
88,21,73,60,71,parent,GAC
88,21,74,60,71,parent,GAC
89,23,75,60,71,parent,GAC
90,25,76,60,71,parent,GAC
90,25,77,60,71,parent,GAC
91,27,78,60,71,parent,GAC
92,30,79,60,71,parent,GAC
93,32,80,60,71,parent,GAC
93,32,81,60,71,parent,GAC
94,34,82,60,71,parent,GAC
95,37,83,60,71,parent,GAC
95,37,84,60,71,parent,GAC
96,39,85,60,71,parent,GAC
97,42,86,60,71,parent,GAC
97,42,87,60,71,parent,GAC
98,45,88,60,71,parent,GAC
99,47,89,60,71,parent,GAC
99,47,90,60,71,parent,GAC
100,50,91,60,71,parent,GAC
101,53,92,60,71,parent,GAC
101,53,93,60,71,parent,GAC
102,55,94,60,71,parent,GAC
103,58,95,60,71,parent,GAC
103,58,96,60,71,parent,GAC
104,61,97,60,71,parent,GAC
104,61,98,60,71,parent,GAC
105,63,99,60,71,parent,GAC
106,66,100,60,71,parent,GAC
106,66,101,60,71,parent,GAC
107,68,102,60,71,parent,GAC
108,70,103,60,71,parent,GAC
108,70,104,60,71,parent,GAC
109,73,105,60,71,parent,GAC
110,75,106,60,71,parent,GAC
110,75,107,60,71,parent,GAC
111,77,108,60,71,parent,GAC
112,79,109,60,71,parent,GAC
112,79,110,60,71,parent,GAC
113,81,111,60,71,parent,GAC
113,81,112,60,71,parent,GAC
114,82,113,60,71,parent,GAC
115,84,114,60,71,parent,GAC
115,84,115,60,71,parent,GAC
116,86,116,60,71,parent,GAC
117,87,117,60,71,parent,GAC
117,87,118,60,71,parent,GAC
118,88,119,60,71,parent,GAC
119,90,120,60,71,parent,GAC
119,90,121,60,71,parent,GAC
120,>90,122,60,71,parent,GAC
120,>90,123,60,71,parent,GAC
120,>90,124,60,71,parent,GAC
120,>90,125,60,71,parent,GAC
120,>90,126,60,71,parent,GAC
120,>90,127,60,71,parent,GAC
120,>90,128,60,71,parent,GAC
120,>90,129,60,71,parent,GAC
120,>90,130,60,71,parent,GAC
120,>90,131,60,71,parent,GAC
120,>90,132,60,71,parent,GAC
120,>90,133,60,71,parent,GAC
120,>90,134,60,71,parent,GAC
120,>90,135,60,71,parent,GAC
120,>90,136,60,71,parent,GAC
120,>90,137,60,71,parent,GAC
120,>90,138,60,71,parent,GAC
120,>90,139,60,71,parent,GAC
120,>90,140,60,71,parent,GAC
120,>90,141,60,71,parent,GAC
120,>90,142,60,71,parent,GAC
120,>90,143,60,71,parent,GAC
120,>90,144,60,71,parent,GAC
120,>90,145,60,71,parent,GAC
120,>90,146,60,71,parent,GAC
120,>90,147,60,71,parent,GAC
120,>90,148,60,71,parent,GAC
120,>90,149,60,71,parent,GAC
120,>90,150,60,71,parent,GAC
120,>90,151,60,71,parent,GAC
120,>90,152,60,71,parent,GAC
120,>90,153,60,71,parent,GAC
120,>90,154,60,71,parent,GAC
120,>90,155,60,71,parent,GAC
120,>90,156,60,71,parent,GAC
120,>90,157,60,71,parent,GAC
120,>90,158,60,71,parent,GAC
48,<0.1,13,72,83,parent,GAC
49,<0.1,14,72,83,parent,GAC
49,<0.1,15,72,83,parent,GAC
50,<0.1,16,72,83,parent,GAC
51,0.1,17,72,83,parent,GAC
51,0.1,18,72,83,parent,GAC
52,0.1,19,72,83,parent,GAC
53,0.1,20,72,83,parent,GAC
53,0.1,21,72,83,parent,GAC
54,0.1,22,72,83,parent,GAC
55,0.1,23,72,83,parent,GAC
55,0.1,24,72,83,parent,GAC
56,0.2,25,72,83,parent,GAC
57,0.2,26,72,83,parent,GAC
57,0.2,27,72,83,parent,GAC
58,0.3,28,72,83,parent,GAC
59,0.3,29,72,83,parent,GAC
59,0.3,30,72,83,parent,GAC
60,0.4,31,72,83,parent,GAC
61,0.5,32,72,83,parent,GAC
61,0.5,33,72,83,parent,GAC
62,1,34,72,83,parent,GAC
63,1,35,72,83,parent,GAC
63,1,36,72,83,parent,GAC
64,1,37,72,83,parent,GAC
65,1,38,72,83,parent,GAC
65,1,39,72,83,parent,GAC
66,1,40,72,83,parent,GAC
67,1,41,72,83,parent,GAC
67,1,42,72,83,parent,GAC
68,2,43,72,83,parent,GAC
69,2,44,72,83,parent,GAC
69,2,45,72,83,parent,GAC
70,2,46,72,83,parent,GAC
71,3,47,72,83,parent,GAC
71,3,48,72,83,parent,GAC
72,3,49,72,83,parent,GAC
73,4,50,72,83,parent,GAC
73,4,51,72,83,parent,GAC
74,4,52,72,83,parent,GAC
75,5,53,72,83,parent,GAC
75,5,54,72,83,parent,GAC
76,5,55,72,83,parent,GAC
77,6,56,72,83,parent,GAC
77,6,57,72,83,parent,GAC
78,7,58,72,83,parent,GAC
79,8,59,72,83,parent,GAC
79,8,60,72,83,parent,GAC
80,9,61,72,83,parent,GAC
81,10,62,72,83,parent,GAC
81,10,63,72,83,parent,GAC
82,12,64,72,83,parent,GAC
83,13,65,72,83,parent,GAC
83,13,66,72,83,parent,GAC
84,14,67,72,83,parent,GAC
85,16,68,72,83,parent,GAC
85,16,69,72,83,parent,GAC
86,18,70,72,83,parent,GAC
87,19,71,72,83,parent,GAC
87,19,72,72,83,parent,GAC
88,21,73,72,83,parent,GAC
89,23,74,72,83,parent,GAC
90,25,75,72,83,parent,GAC
90,25,76,72,83,parent,GAC
91,27,77,72,83,parent,GAC
92,30,78,72,83,parent,GAC
92,30,79,72,83,parent,GAC
93,32,80,72,83,parent,GAC
94,34,81,72,83,parent,GAC
94,34,82,72,83,parent,GAC
95,37,83,72,83,parent,GAC
96,39,84,72,83,parent,GAC
96,39,85,72,83,parent,GAC
97,42,86,72,83,parent,GAC
98,45,87,72,83,parent,GAC
98,45,88,72,83,parent,GAC
99,47,89,72,83,parent,GAC
100,50,90,72,83,parent,GAC
100,50,91,72,83,parent,GAC
101,53,92,72,83,parent,GAC
101,53,93,72,83,parent,GAC
102,55,94,72,83,parent,GAC
103,58,95,72,83,parent,GAC
103,58,96,72,83,parent,GAC
104,61,97,72,83,parent,GAC
104,61,98,72,83,parent,GAC
105,63,99,72,83,parent,GAC
106,66,100,72,83,parent,GAC
106,66,101,72,83,parent,GAC
107,68,102,72,83,parent,GAC
108,70,103,72,83,parent,GAC
108,70,104,72,83,parent,GAC
109,73,105,72,83,parent,GAC
109,73,106,72,83,parent,GAC
110,75,107,72,83,parent,GAC
111,77,108,72,83,parent,GAC
111,77,109,72,83,parent,GAC
112,79,110,72,83,parent,GAC
112,79,111,72,83,parent,GAC
113,81,112,72,83,parent,GAC
114,82,113,72,83,parent,GAC
114,82,114,72,83,parent,GAC
115,84,115,72,83,parent,GAC
116,86,116,72,83,parent,GAC
116,86,117,72,83,parent,GAC
117,87,118,72,83,parent,GAC
117,87,119,72,83,parent,GAC
118,88,120,72,83,parent,GAC
119,90,121,72,83,parent,GAC
119,90,122,72,83,parent,GAC
120,>90,123,72,83,parent,GAC
120,>90,124,72,83,parent,GAC
120,>90,125,72,83,parent,GAC
120,>90,126,72,83,parent,GAC
120,>90,127,72,83,parent,GAC
120,>90,128,72,83,parent,GAC
120,>90,129,72,83,parent,GAC
120,>90,130,72,83,parent,GAC
120,>90,131,72,83,parent,GAC
120,>90,132,72,83,parent,GAC
120,>90,133,72,83,parent,GAC
120,>90,134,72,83,parent,GAC
120,>90,135,72,83,parent,GAC
120,>90,136,72,83,parent,GAC
120,>90,137,72,83,parent,GAC
120,>90,138,72,83,parent,GAC
120,>90,139,72,83,parent,GAC
120,>90,140,72,83,parent,GAC
120,>90,141,72,83,parent,GAC
120,>90,142,72,83,parent,GAC
120,>90,143,72,83,parent,GAC
120,>90,144,72,83,parent,GAC
120,>90,145,72,83,parent,GAC
120,>90,146,72,83,parent,GAC
120,>90,147,72,83,parent,GAC
120,>90,148,72,83,parent,GAC
120,>90,149,72,83,parent,GAC
120,>90,150,72,83,parent,GAC
120,>90,151,72,83,parent,GAC
120,>90,152,72,83,parent,GAC
120,>90,153,72,83,parent,GAC
120,>90,154,72,83,parent,GAC
120,>90,155,72,83,parent,GAC
120,>90,156,72,83,parent,GAC
120,>90,157,72,83,parent,GAC
120,>90,158,72,83,parent,GAC
120,>90,159,72,83,parent,GAC
120,>90,160,72,83,parent,GAC
120,>90,161,72,83,parent,GAC
120,>90,162,72,83,parent,GAC
120,>90,163,72,83,parent,GAC
120,>90,164,72,83,parent,GAC
120,>90,165,72,83,parent,GAC
120,>90,166,72,83,parent,GAC
46,<0.1,11,84,95,parent,GAC
47,<0.1,12,84,95,parent,GAC
47,<0.1,13,84,95,parent,GAC
48,<0.1,14,84,95,parent,GAC
49,<0.1,15,84,95,parent,GAC
49,<0.1,16,84,95,parent,GAC
50,<0.1,17,84,95,parent,GAC
51,0.1,18,84,95,parent,GAC
51,0.1,19,84,95,parent,GAC
52,0.1,20,84,95,parent,GAC
53,0.1,21,84,95,parent,GAC
53,0.1,22,84,95,parent,GAC
54,0.1,23,84,95,parent,GAC
55,0.1,24,84,95,parent,GAC
55,0.1,25,84,95,parent,GAC
56,0.2,26,84,95,parent,GAC
57,0.2,27,84,95,parent,GAC
57,0.2,28,84,95,parent,GAC
58,0.3,29,84,95,parent,GAC
59,0.3,30,84,95,parent,GAC
59,0.3,31,84,95,parent,GAC
60,0.4,32,84,95,parent,GAC
61,0.5,33,84,95,parent,GAC
61,0.5,34,84,95,parent,GAC
62,1,35,84,95,parent,GAC
63,1,36,84,95,parent,GAC
63,1,37,84,95,parent,GAC
64,1,38,84,95,parent,GAC
65,1,39,84,95,parent,GAC
65,1,40,84,95,parent,GAC
66,1,41,84,95,parent,GAC
67,1,42,84,95,parent,GAC
67,1,43,84,95,parent,GAC
68,2,44,84,95,parent,GAC
69,2,45,84,95,parent,GAC
69,2,46,84,95,parent,GAC
70,2,47,84,95,parent,GAC
71,3,48,84,95,parent,GAC
71,3,49,84,95,parent,GAC
72,3,50,84,95,parent,GAC
73,4,51,84,95,parent,GAC
73,4,52,84,95,parent,GAC
74,4,53,84,95,parent,GAC
75,5,54,84,95,parent,GAC
75,5,55,84,95,parent,GAC
76,5,56,84,95,parent,GAC
77,6,57,84,95,parent,GAC
77,6,58,84,95,parent,GAC
78,7,59,84,95,parent,GAC
79,8,60,84,95,parent,GAC
79,8,61,84,95,parent,GAC
80,9,62,84,95,parent,GAC
81,10,63,84,95,parent,GAC
81,10,64,84,95,parent,GAC
82,12,65,84,95,parent,GAC
83,13,66,84,95,parent,GAC
83,13,67,84,95,parent,GAC
84,14,68,84,95,parent,GAC
85,16,69,84,95,parent,GAC
86,18,70,84,95,parent,GAC
86,18,71,84,95,parent,GAC
87,19,72,84,95,parent,GAC
88,21,73,84,95,parent,GAC
88,21,74,84,95,parent,GAC
89,23,75,84,95,parent,GAC
90,25,76,84,95,parent,GAC
90,25,77,84,95,parent,GAC
91,27,78,84,95,parent,GAC
92,30,79,84,95,parent,GAC
92,30,80,84,95,parent,GAC
93,32,81,84,95,parent,GAC
94,34,82,84,95,parent,GAC
94,34,83,84,95,parent,GAC
95,37,84,84,95,parent,GAC
96,39,85,84,95,parent,GAC
96,39,86,84,95,parent,GAC
97,42,87,84,95,parent,GAC
98,45,88,84,95,parent,GAC
98,45,89,84,95,parent,GAC
99,47,90,84,95,parent,GAC
100,50,91,84,95,parent,GAC
100,50,92,84,95,parent,GAC
101,53,93,84,95,parent,GAC
102,55,94,84,95,parent,GAC
102,55,95,84,95,parent,GAC
103,58,96,84,95,parent,GAC
104,61,97,84,95,parent,GAC
104,61,98,84,95,parent,GAC
105,63,99,84,95,parent,GAC
106,66,100,84,95,parent,GAC
106,66,101,84,95,parent,GAC
107,68,102,84,95,parent,GAC
108,70,103,84,95,parent,GAC
108,70,104,84,95,parent,GAC
109,73,105,84,95,parent,GAC
110,75,106,84,95,parent,GAC
111,77,107,84,95,parent,GAC
111,77,108,84,95,parent,GAC
112,79,109,84,95,parent,GAC
113,81,110,84,95,parent,GAC
113,81,111,84,95,parent,GAC
114,82,112,84,95,parent,GAC
115,84,113,84,95,parent,GAC
115,84,114,84,95,parent,GAC
116,86,115,84,95,parent,GAC
117,87,116,84,95,parent,GAC
117,87,117,84,95,parent,GAC
118,88,118,84,95,parent,GAC
119,90,119,84,95,parent,GAC
119,90,120,84,95,parent,GAC
120,>90,121,84,95,parent,GAC
120,>90,122,84,95,parent,GAC
120,>90,123,84,95,parent,GAC
120,>90,124,84,95,parent,GAC
120,>90,125,84,95,parent,GAC
120,>90,126,84,95,parent,GAC
120,>90,127,84,95,parent,GAC
120,>90,128,84,95,parent,GAC
120,>90,129,84,95,parent,GAC
120,>90,130,84,95,parent,GAC
120,>90,131,84,95,parent,GAC
120,>90,132,84,95,parent,GAC
120,>90,133,84,95,parent,GAC
120,>90,134,84,95,parent,GAC
120,>90,135,84,95,parent,GAC
120,>90,136,84,95,parent,GAC
120,>90,137,84,95,parent,GAC
120,>90,138,84,95,parent,GAC
120,>90,139,84,95,parent,GAC
120,>90,140,84,95,parent,GAC
120,>90,141,84,95,parent,GAC
120,>90,142,84,95,parent,GAC
120,>90,143,84,95,parent,GAC
120,>90,144,84,95,parent,GAC
120,>90,145,84,95,parent,GAC
120,>90,146,84,95,parent,GAC
120,>90,147,84,95,parent,GAC
120,>90,148,84,95,parent,GAC
120,>90,149,84,95,parent,GAC
120,>90,150,84,95,parent,GAC
46,<0.1,11,96,107,parent,GAC
47,<0.1,12,96,107,parent,GAC
47,<0.1,13,96,107,parent,GAC
48,<0.1,14,96,107,parent,GAC
49,<0.1,15,96,107,parent,GAC
49,<0.1,16,96,107,parent,GAC
50,<0.1,17,96,107,parent,GAC
51,0.1,18,96,107,parent,GAC
51,0.1,19,96,107,parent,GAC
52,0.1,20,96,107,parent,GAC
53,0.1,21,96,107,parent,GAC
53,0.1,22,96,107,parent,GAC
54,0.1,23,96,107,parent,GAC
55,0.1,24,96,107,parent,GAC
55,0.1,25,96,107,parent,GAC
56,0.2,26,96,107,parent,GAC
57,0.2,27,96,107,parent,GAC
57,0.2,28,96,107,parent,GAC
58,0.3,29,96,107,parent,GAC
59,0.3,30,96,107,parent,GAC
59,0.3,31,96,107,parent,GAC
60,0.4,32,96,107,parent,GAC
61,0.5,33,96,107,parent,GAC
61,0.5,34,96,107,parent,GAC
62,1,35,96,107,parent,GAC
63,1,36,96,107,parent,GAC
63,1,37,96,107,parent,GAC
64,1,38,96,107,parent,GAC
65,1,39,96,107,parent,GAC
65,1,40,96,107,parent,GAC
66,1,41,96,107,parent,GAC
67,1,42,96,107,parent,GAC
67,1,43,96,107,parent,GAC
68,2,44,96,107,parent,GAC
69,2,45,96,107,parent,GAC
69,2,46,96,107,parent,GAC
70,2,47,96,107,parent,GAC
71,3,48,96,107,parent,GAC
71,3,49,96,107,parent,GAC
72,3,50,96,107,parent,GAC
73,4,51,96,107,parent,GAC
73,4,52,96,107,parent,GAC
74,4,53,96,107,parent,GAC
75,5,54,96,107,parent,GAC
75,5,55,96,107,parent,GAC
76,5,56,96,107,parent,GAC
77,6,57,96,107,parent,GAC
77,6,58,96,107,parent,GAC
78,7,59,96,107,parent,GAC
79,8,60,96,107,parent,GAC
79,8,61,96,107,parent,GAC
80,9,62,96,107,parent,GAC
81,10,63,96,107,parent,GAC
81,10,64,96,107,parent,GAC
82,12,65,96,107,parent,GAC
83,13,66,96,107,parent,GAC
83,13,67,96,107,parent,GAC
84,14,68,96,107,parent,GAC
85,16,69,96,107,parent,GAC
85,16,70,96,107,parent,GAC
86,18,71,96,107,parent,GAC
87,19,72,96,107,parent,GAC
87,19,73,96,107,parent,GAC
88,21,74,96,107,parent,GAC
89,23,75,96,107,parent,GAC
89,23,76,96,107,parent,GAC
90,25,77,96,107,parent,GAC
91,27,78,96,107,parent,GAC
91,27,79,96,107,parent,GAC
92,30,80,96,107,parent,GAC
93,32,81,96,107,parent,GAC
93,32,82,96,107,parent,GAC
94,34,83,96,107,parent,GAC
95,37,84,96,107,parent,GAC
95,37,85,96,107,parent,GAC
96,39,86,96,107,parent,GAC
97,42,87,96,107,parent,GAC
97,42,88,96,107,parent,GAC
98,45,89,96,107,parent,GAC
99,47,90,96,107,parent,GAC
99,47,91,96,107,parent,GAC
100,50,92,96,107,parent,GAC
101,53,93,96,107,parent,GAC
101,53,94,96,107,parent,GAC
102,55,95,96,107,parent,GAC
103,58,96,96,107,parent,GAC
104,61,9,96,107,parent,GAC
104,61,98,96,107,parent,GAC
105,63,99,96,107,parent,GAC
106,66,100,96,107,parent,GAC
106,66,101,96,107,parent,GAC
107,68,102,96,107,parent,GAC
108,70,103,96,107,parent,GAC
109,73,104,96,107,parent,GAC
109,73,105,96,107,parent,GAC
110,75,106,96,107,parent,GAC
111,77,107,96,107,parent,GAC
112,79,108,96,107,parent,GAC
112,79,109,96,107,parent,GAC
113,81,110,96,107,parent,GAC
114,82,111,96,107,parent,GAC
114,82,112,96,107,parent,GAC
115,84,113,96,107,parent,GAC
116,86,114,96,107,parent,GAC
117,87,115,96,107,parent,GAC
117,87,116,96,107,parent,GAC
118,88,117,96,107,parent,GAC
119,90,118,96,107,parent,GAC
120,>90,119,96,107,parent,GAC
120,>90,120,96,107,parent,GAC
120,>90,121,96,107,parent,GAC
120,>90,122,96,107,parent,GAC
120,>90,123,96,107,parent,GAC
120,>90,124,96,107,parent,GAC
120,>90,125,96,107,parent,GAC
120,>90,126,96,107,parent,GAC
120,>90,127,96,107,parent,GAC
120,>90,128,96,107,parent,GAC
120,>90,129,96,107,parent,GAC
120,>90,130,96,107,parent,GAC
120,>90,131,96,107,parent,GAC
120,>90,132,96,107,parent,GAC
120,>90,133,96,107,parent,GAC
120,>90,134,96,107,parent,GAC
120,>90,135,96,107,parent,GAC
120,>90,136,96,107,parent,GAC
120,>90,137,96,107,parent,GAC
120,>90,138,96,107,parent,GAC
120,>90,139,96,107,parent,GAC
120,>90,140,96,107,parent,GAC
120,>90,141,96,107,parent,GAC
120,>90,142,96,107,parent,GAC
120,>90,143,96,107,parent,GAC
120,>90,144,96,107,parent,GAC
120,>90,145,96,107,parent,GAC
46,<0.1,11,108,119,parent,GAC
47,<0.1,12,108,119,parent,GAC
47,<0.1,13,108,119,parent,GAC
48,<0.1,14,108,119,parent,GAC
49,<0.1,15,108,119,parent,GAC
49,<0.1,16,108,119,parent,GAC
50,<0.1,17,108,119,parent,GAC
51,0.1,18,108,119,parent,GAC
51,0.1,19,108,119,parent,GAC
52,0.1,20,108,119,parent,GAC
53,0.1,21,108,119,parent,GAC
53,0.1,22,108,119,parent,GAC
54,0.1,23,108,119,parent,GAC
55,0.1,24,108,119,parent,GAC
55,0.1,25,108,119,parent,GAC
56,0.2,26,108,119,parent,GAC
57,0.2,27,108,119,parent,GAC
57,0.2,28,108,119,parent,GAC
58,0.3,29,108,119,parent,GAC
59,0.3,30,108,119,parent,GAC
59,0.3,31,108,119,parent,GAC
60,0.4,32,108,119,parent,GAC
61,0.5,33,108,119,parent,GAC
61,0.5,34,108,119,parent,GAC
62,1,35,108,119,parent,GAC
63,1,36,108,119,parent,GAC
63,1,37,108,119,parent,GAC
64,1,38,108,119,parent,GAC
65,1,39,108,119,parent,GAC
65,1,40,108,119,parent,GAC
66,1,41,108,119,parent,GAC
67,1,42,108,119,parent,GAC
67,1,43,108,119,parent,GAC
68,2,44,108,119,parent,GAC
69,2,45,108,119,parent,GAC
69,2,46,108,119,parent,GAC
70,2,47,108,119,parent,GAC
71,3,48,108,119,parent,GAC
71,3,49,108,119,parent,GAC
72,3,50,108,119,parent,GAC
73,4,51,108,119,parent,GAC
73,4,52,108,119,parent,GAC
74,4,53,108,119,parent,GAC
75,5,54,108,119,parent,GAC
75,5,55,108,119,parent,GAC
76,5,56,108,119,parent,GAC
77,6,57,108,119,parent,GAC
77,6,58,108,119,parent,GAC
78,7,59,108,119,parent,GAC
79,8,60,108,119,parent,GAC
79,8,61,108,119,parent,GAC
80,9,62,108,119,parent,GAC
80,9,63,108,119,parent,GAC
81,10,64,108,119,parent,GAC
82,12,65,108,119,parent,GAC
82,12,66,108,119,parent,GAC
83,13,67,108,119,parent,GAC
84,14,68,108,119,parent,GAC
84,14,69,108,119,parent,GAC
85,16,70,108,119,parent,GAC
86,18,71,108,119,parent,GAC
86,18,72,108,119,parent,GAC
87,19,73,108,119,parent,GAC
88,21,74,108,119,parent,GAC
88,21,75,108,119,parent,GAC
89,23,76,108,119,parent,GAC
90,25,77,108,119,parent,GAC
90,25,78,108,119,parent,GAC
91,27,79,108,119,parent,GAC
92,30,80,108,119,parent,GAC
92,30,81,108,119,parent,GAC
93,32,82,108,119,parent,GAC
94,34,83,108,119,parent,GAC
94,34,84,108,119,parent,GAC
95,37,85,108,119,parent,GAC
96,39,86,108,119,parent,GAC
96,39,87,108,119,parent,GAC
97,42,88,108,119,parent,GAC
98,45,89,108,119,parent,GAC
98,45,90,108,119,parent,GAC
99,47,91,108,119,parent,GAC
100,50,92,108,119,parent,GAC
100,50,93,108,119,parent,GAC
101,53,94,108,119,parent,GAC
102,55,95,108,119,parent,GAC
103,58,96,108,119,parent,GAC
103,58,97,108,119,parent,GAC
104,61,98,108,119,parent,GAC
105,63,99,108,119,parent,GAC
106,66,100,108,119,parent,GAC
107,68,101,108,119,parent,GAC
107,68,102,108,119,parent,GAC
108,70,103,108,119,parent,GAC
109,73,104,108,119,parent,GAC
110,75,105,108,119,parent,GAC
110,75,106,108,119,parent,GAC
111,77,107,108,119,parent,GAC
112,79,108,108,119,parent,GAC
113,81,109,108,119,parent,GAC
113,81,110,108,119,parent,GAC
114,82,111,108,119,parent,GAC
115,84,112,108,119,parent,GAC
116,86,113,108,119,parent,GAC
117,87,114,108,119,parent,GAC
117,87,115,108,119,parent,GAC
118,88,116,108,119,parent,GAC
119,90,117,108,119,parent,GAC
120,>90,118,108,119,parent,GAC
120,>90,119,108,119,parent,GAC
120,>90,120,108,119,parent,GAC
120,>90,121,108,119,parent,GAC
120,>90,122,108,119,parent,GAC
120,>90,123,108,119,parent,GAC
120,>90,124,108,119,parent,GAC
120,>90,125,108,119,parent,GAC
120,>90,126,108,119,parent,GAC
120,>90,127,108,119,parent,GAC
120,>90,128,108,119,parent,GAC
120,>90,129,108,119,parent,GAC
120,>90,130,108,119,parent,GAC
120,>90,131,108,119,parent,GAC
120,>90,132,108,119,parent,GAC
120,>90,133,108,119,parent,GAC
120,>90,134,108,119,parent,GAC
120,>90,135,108,119,parent,GAC
120,>90,136,108,119,parent,GAC
120,>90,137,108,119,parent,GAC
120,>90,138,108,119,parent,GAC
120,>90,139,108,119,parent,GAC
120,>90,140,108,119,parent,GAC
120,>90,141,108,119,parent,GAC
120,>90,142,108,119,parent,GAC
120,>90,143,108,119,parent,GAC
120,>90,144,108,119,parent,GAC
120,>90,145,108,119,parent,GAC
120,>90,146,108,119,parent,GAC
120,>90,147,108,119,parent,GAC
120,>90,148,108,119,parent,GAC
120,>90,149,108,119,parent,GAC
120,>90,150,108,119,parent,GAC
120,>90,151,108,119,parent,GAC
120,>90,152,108,119,parent,GAC
120,>90,153,108,119,parent,GAC
120,>90,154,108,119,parent,GAC
120,>90,155,108,119,parent,GAC
120,>90,156,108,119,parent,GAC
120,>90,157,108,119,parent,GAC
120,>90,158,108,119,parent,GAC
120,>90,159,108,119,parent,GAC
120,>90,160,108,119,parent,GAC
120,>90,161,108,119,parent,GAC
120,>90,162,108,119,parent,GAC
120,>90,163,108,119,parent,GAC
120,>90,164,108,119,parent,GAC
120,>90,165,108,119,parent,GAC
120,>90,166,108,119,parent,GAC
120,>90,167,108,119,parent,GAC
120,>90,168,108,119,parent,GAC
120,>90,169,108,119,parent,GAC
120,>90,170,108,119,parent,GAC
120,>90,171,108,119,parent,GAC
120,>90,172,108,119,parent,GAC
46,<0.1,10,120,131,parent,GAC
47,<0.1,11,120,131,parent,GAC
47,<0.1,12,120,131,parent,GAC
48,<0.1,13,120,131,parent,GAC
49,<0.1,14,120,131,parent,GAC
49,<0.1,15,120,131,parent,GAC
50,<0.1,16,120,131,parent,GAC
50,<0.1,17,120,131,parent,GAC
51,0.1,18,120,131,parent,GAC
52,0.1,19,120,131,parent,GAC
52,0.1,20,120,131,parent,GAC
53,0.1,21,120,131,parent,GAC
54,0.1,22,120,131,parent,GAC
54,0.1,23,120,131,parent,GAC
55,0.1,24,120,131,parent,GAC
56,0.2,25,120,131,parent,GAC
56,0.2,26,120,131,parent,GAC
57,0.2,27,120,131,parent,GAC
58,0.3,28,120,131,parent,GAC
58,0.3,29,120,131,parent,GAC
59,0.3,30,120,131,parent,GAC
60,0.4,31,120,131,parent,GAC
60,0.4,32,120,131,parent,GAC
61,0.5,33,120,131,parent,GAC
62,1,34,120,131,parent,GAC
62,1,35,120,131,parent,GAC
63,1,36,120,131,parent,GAC
64,1,37,120,131,parent,GAC
64,1,38,120,131,parent,GAC
65,1,39,120,131,parent,GAC
65,1,40,120,131,parent,GAC
66,1,41,120,131,parent,GAC
67,1,42,120,131,parent,GAC
67,1,43,120,131,parent,GAC
68,2,44,120,131,parent,GAC
69,2,45,120,131,parent,GAC
69,2,46,120,131,parent,GAC
70,2,47,120,131,parent,GAC
71,3,48,120,131,parent,GAC
71,3,49,120,131,parent,GAC
72,3,50,120,131,parent,GAC
73,4,51,120,131,parent,GAC
73,4,52,120,131,parent,GAC
74,4,53,120,131,parent,GAC
75,5,54,120,131,parent,GAC
75,5,55,120,131,parent,GAC
76,5,56,120,131,parent,GAC
77,6,57,120,131,parent,GAC
77,6,58,120,131,parent,GAC
78,7,59,120,131,parent,GAC
79,8,60,120,131,parent,GAC
79,8,61,120,131,parent,GAC
80,9,62,120,131,parent,GAC
80,9,63,120,131,parent,GAC
81,10,64,120,131,parent,GAC
82,12,65,120,131,parent,GAC
82,12,66,120,131,parent,GAC
83,13,67,120,131,parent,GAC
84,14,68,120,131,parent,GAC
84,14,69,120,131,parent,GAC
85,16,70,120,131,parent,GAC
86,18,71,120,131,parent,GAC
86,18,72,120,131,parent,GAC
87,19,73,120,131,parent,GAC
88,20,74,120,131,parent,GAC
88,21,75,120,131,parent,GAC
89,23,76,120,131,parent,GAC
90,25,77,120,131,parent,GAC
90,25,78,120,131,parent,GAC
91,27,79,120,131,parent,GAC
92,30,80,120,131,parent,GAC
92,30,81,120,131,parent,GAC
93,32,82,120,131,parent,GAC
94,34,83,120,131,parent,GAC
94,34,84,120,131,parent,GAC
95,37,85,120,131,parent,GAC
95,37,86,120,131,parent,GAC
96,39,87,120,131,parent,GAC
97,42,88,120,131,parent,GAC
97,42,89,120,131,parent,GAC
98,45,90,120,131,parent,GAC
99,47,91,120,131,parent,GAC
99,47,92,120,131,parent,GAC
100,50,93,120,131,parent,GAC
101,53,94,120,131,parent,GAC
102,55,95,120,131,parent,GAC
102,55,96,120,131,parent,GAC
103,58,97,120,131,parent,GAC
104,61,98,120,131,parent,GAC
105,63,99,120,131,parent,GAC
106,66,100,120,131,parent,GAC
107,68,101,120,131,parent,GAC
107,68,102,120,131,parent,GAC
108,70,103,120,131,parent,GAC
109,73,104,120,131,parent,GAC
110,75,105,120,131,parent,GAC
111,77,106,120,131,parent,GAC
111,77,107,120,131,parent,GAC
112,79,108,120,131,parent,GAC
113,81,109,120,131,parent,GAC
114,82,110,120,131,parent,GAC
115,84,111,120,131,parent,GAC
116,86,112,120,131,parent,GAC
116,86,113,120,131,parent,GAC
117,87,114,120,131,parent,GAC
118,88,115,120,131,parent,GAC
119,89,116,120,131,parent,GAC
120,>90,117,120,131,parent,GAC
120,>90,118,120,131,parent,GAC
120,>90,119,120,131,parent,GAC
120,>90,120,120,131,parent,GAC
120,>90,121,120,131,parent,GAC
120,>90,122,120,131,parent,GAC
120,>90,123,120,131,parent,GAC
120,>90,124,120,131,parent,GAC
120,>90,125,120,131,parent,GAC
120,>90,126,120,131,parent,GAC
120,>90,127,120,131,parent,GAC
120,>90,128,120,131,parent,GAC
120,>90,129,120,131,parent,GAC
120,>90,130,120,131,parent,GAC
120,>90,131,120,131,parent,GAC
120,>90,132,120,131,parent,GAC
120,>90,133,120,131,parent,GAC
120,>90,134,120,131,parent,GAC
120,>90,135,120,131,parent,GAC
120,>90,136,120,131,parent,GAC
120,>90,137,120,131,parent,GAC
120,>90,138,120,131,parent,GAC
120,>90,139,120,131,parent,GAC
46,<0.1,9,132,143,parent,GAC
47,<0.1,10,132,143,parent,GAC
47,<0.1,11,132,143,parent,GAC
48,<0.1,12,132,143,parent,GAC
49,<0.1,13,132,143,parent,GAC
49,<0.1,14,132,143,parent,GAC
50,<0.1,15,132,143,parent,GAC
50,<0.1,16,132,143,parent,GAC
51,0.1,17,132,143,parent,GAC
52,0.1,18,132,143,parent,GAC
52,0.1,19,132,143,parent,GAC
53,0.1,20,132,143,parent,GAC
54,0.1,21,132,143,parent,GAC
54,0.1,22,132,143,parent,GAC
55,0.1,23,132,143,parent,GAC
56,0.2,24,132,143,parent,GAC
56,0.2,25,132,143,parent,GAC
57,0.2,26,132,143,parent,GAC
57,0.2,27,132,143,parent,GAC
58,0.3,28,132,143,parent,GAC
59,0.3,29,132,143,parent,GAC
59,0.3,30,132,143,parent,GAC
60,0.4,31,132,143,parent,GAC
61,0.5,32,132,143,parent,GAC
61,0.5,33,132,143,parent,GAC
62,1,34,132,143,parent,GAC
63,1,35,132,143,parent,GAC
63,1,36,132,143,parent,GAC
64,1,37,132,143,parent,GAC
65,1,38,132,143,parent,GAC
65,1,39,132,143,parent,GAC
66,1,40,132,143,parent,GAC
66,1,41,132,143,parent,GAC
67,1,42,132,143,parent,GAC
68,2,43,132,143,parent,GAC
68,2,44,132,143,parent,GAC
69,2,45,132,143,parent,GAC
70,2,46,132,143,parent,GAC
70,2,47,132,143,parent,GAC
71,3,48,132,143,parent,GAC
72,3,49,132,143,parent,GAC
72,3,50,132,143,parent,GAC
73,4,51,132,143,parent,GAC
73,4,52,132,143,parent,GAC
74,4,53,132,143,parent,GAC
75,5,54,132,143,parent,GAC
75,5,55,132,143,parent,GAC
76,5,56,132,143,parent,GAC
77,6,57,132,143,parent,GAC
77,6,58,132,143,parent,GAC
78,7,59,132,143,parent,GAC
79,8,60,132,143,parent,GAC
79,8,61,132,143,parent,GAC
80,9,62,132,143,parent,GAC
81,10,63,132,143,parent,GAC
81,10,64,132,143,parent,GAC
82,12,65,132,143,parent,GAC
82,12,66,132,143,parent,GAC
83,13,67,132,143,parent,GAC
84,14,68,132,143,parent,GAC
84,14,69,132,143,parent,GAC
85,16,70,132,143,parent,GAC
86,18,71,132,143,parent,GAC
86,18,72,132,143,parent,GAC
87,19,73,132,143,parent,GAC
88,21,74,132,143,parent,GAC
88,21,75,132,143,parent,GAC
89,23,76,132,143,parent,GAC
89,23,77,132,143,parent,GAC
90,25,78,132,143,parent,GAC
91,27,79,132,143,parent,GAC
91,27,80,132,143,parent,GAC
92,30,81,132,143,parent,GAC
93,32,82,132,143,parent,GAC
93,32,83,132,143,parent,GAC
94,34,84,132,143,parent,GAC
95,37,85,132,143,parent,GAC
95,37,86,132,143,parent,GAC
96,39,87,132,143,parent,GAC
97,42,88,132,143,parent,GAC
97,42,89,132,143,parent,GAC
98,45,90,132,143,parent,GAC
98,45,91,132,143,parent,GAC
99,47,92,132,143,parent,GAC
100,50,93,132,143,parent,GAC
101,53,94,132,143,parent,GAC
101,53,95,132,143,parent,GAC
102,55,96,132,143,parent,GAC
103,58,97,132,143,parent,GAC
104,61,98,132,143,parent,GAC
105,63,99,132,143,parent,GAC
106,66,100,132,143,parent,GAC
107,68,101,132,143,parent,GAC
107,68,102,132,143,parent,GAC
108,70,103,132,143,parent,GAC
109,73,104,132,143,parent,GAC
110,75,105,132,143,parent,GAC
111,77,106,132,143,parent,GAC
112,79,107,132,143,parent,GAC
113,81,108,132,143,parent,GAC
114,82,109,132,143,parent,GAC
114,82,110,132,143,parent,GAC
115,84,111,132,143,parent,GAC
116,86,112,132,143,parent,GAC
117,87,113,132,143,parent,GAC
118,88,114,132,143,parent,GAC
119,89,115,132,143,parent,GAC
120,>90,116,132,143,parent,GAC
120,>90,117,132,143,parent,GAC
120,>90,118,132,143,parent,GAC
120,>90,119,132,143,parent,GAC
120,>90,120,132,143,parent,GAC
120,>90,121,132,143,parent,GAC
120,>90,122,132,143,parent,GAC
120,>90,123,132,143,parent,GAC
120,>90,124,132,143,parent,GAC
120,>90,125,132,143,parent,GAC
120,>90,126,132,143,parent,GAC
120,>90,127,132,143,parent,GAC
120,>90,128,132,143,parent,GAC
120,>90,129,132,143,parent,GAC
120,>90,130,132,143,parent,GAC
120,>90,131,132,143,parent,GAC
120,>90,132,132,143,parent,GAC
120,>90,133,132,143,parent,GAC
120,>90,134,132,143,parent,GAC
120,>90,135,132,143,parent,GAC
120,>90,136,132,143,parent,GAC
120,>90,137,132,143,parent,GAC
47,<0.1,9,144,155,parent,GAC
47,<0.1,10,144,155,parent,GAC
48,<0.1,11,144,155,parent,GAC
49,<0.1,12,144,155,parent,GAC
49,<0.1,13,144,155,parent,GAC
50,<0.1,14,144,155,parent,GAC
51,0.1,15,144,155,parent,GAC
51,0.1,16,144,155,parent,GAC
52,0.1,17,144,155,parent,GAC
52,0.1,18,144,155,parent,GAC
53,0.1,19,144,155,parent,GAC
54,0.1,20,144,155,parent,GAC
54,0.1,21,144,155,parent,GAC
55,0.1,22,144,155,parent,GAC
56,0.2,23,144,155,parent,GAC
56,0.2,24,144,155,parent,GAC
57,0.2,25,144,155,parent,GAC
58,0.3,26,144,155,parent,GAC
58,0.3,27,144,155,parent,GAC
59,0.3,28,144,155,parent,GAC
59,0.3,29,144,155,parent,GAC
60,0.4,30,144,155,parent,GAC
61,0.5,31,144,155,parent,GAC
61,0.5,32,144,155,parent,GAC
62,1,33,144,155,parent,GAC
63,1,34,144,155,parent,GAC
63,1,35,144,155,parent,GAC
64,1,36,144,155,parent,GAC
64,1,37,144,155,parent,GAC
65,1,38,144,155,parent,GAC
66,1,39,144,155,parent,GAC
66,1,40,144,155,parent,GAC
67,1,41,144,155,parent,GAC
68,2,42,144,155,parent,GAC
68,2,43,144,155,parent,GAC
69,2,44,144,155,parent,GAC
69,2,45,144,155,parent,GAC
70,2,46,144,155,parent,GAC
71,3,47,144,155,parent,GAC
71,3,48,144,155,parent,GAC
72,3,49,144,155,parent,GAC
73,4,50,144,155,parent,GAC
73,4,51,144,155,parent,GAC
74,4,52,144,155,parent,GAC
74,4,53,144,155,parent,GAC
75,5,54,144,155,parent,GAC
76,5,55,144,155,parent,GAC
76,5,56,144,155,parent,GAC
77,6,57,144,155,parent,GAC
78,7,58,144,155,parent,GAC
78,7,59,144,155,parent,GAC
79,8,60,144,155,parent,GAC
79,8,61,144,155,parent,GAC
80,9,62,144,155,parent,GAC
81,10,63,144,155,parent,GAC
81,10,64,144,155,parent,GAC
82,12,65,144,155,parent,GAC
83,13,66,144,155,parent,GAC
83,13,67,144,155,parent,GAC
84,14,68,144,155,parent,GAC
84,14,69,144,155,parent,GAC
85,16,70,144,155,parent,GAC
86,18,71,144,155,parent,GAC
86,18,72,144,155,parent,GAC
87,19,73,144,155,parent,GAC
88,21,74,144,155,parent,GAC
88,21,75,144,155,parent,GAC
89,23,76,144,155,parent,GAC
89,23,77,144,155,parent,GAC
90,25,78,144,155,parent,GAC
91,27,79,144,155,parent,GAC
91,27,80,144,155,parent,GAC
92,30,81,144,155,parent,GAC
93,32,82,144,155,parent,GAC
93,32,83,144,155,parent,GAC
94,34,84,144,155,parent,GAC
94,34,85,144,155,parent,GAC
95,37,86,144,155,parent,GAC
96,39,87,144,155,parent,GAC
96,39,88,144,155,parent,GAC
97,42,89,144,155,parent,GAC
98,45,90,144,155,parent,GAC
98,45,91,144,155,parent,GAC
99,47,92,144,155,parent,GAC
99,47,93,144,155,parent,GAC
100,50,94,144,155,parent,GAC
101,53,95,144,155,parent,GAC
102,55,96,144,155,parent,GAC
103,58,97,144,155,parent,GAC
104,61,98,144,155,parent,GAC
105,63,99,144,155,parent,GAC
106,66,100,144,155,parent,GAC
107,68,101,144,155,parent,GAC
108,70,102,144,155,parent,GAC
108,70,103,144,155,parent,GAC
109,73,104,144,155,parent,GAC
110,75,105,144,155,parent,GAC
111,77,106,144,155,parent,GAC
112,79,107,144,155,parent,GAC
113,81,108,144,155,parent,GAC
114,82,109,144,155,parent,GAC
115,84,110,144,155,parent,GAC
116,86,111,144,155,parent,GAC
117,87,112,144,155,parent,GAC
118,88,113,144,155,parent,GAC
119,89,114,144,155,parent,GAC
120,>90,115,144,155,parent,GAC
120,>90,116,144,155,parent,GAC
120,>90,117,144,155,parent,GAC
120,>90,118,144,155,parent,GAC
120,>90,119,144,155,parent,GAC
120,>90,120,144,155,parent,GAC
120,>90,121,144,155,parent,GAC
120,>90,122,144,155,parent,GAC
120,>90,123,144,155,parent,GAC
120,>90,124,144,155,parent,GAC
120,>90,125,144,155,parent,GAC
120,>90,126,144,155,parent,GAC
120,>90,127,144,155,parent,GAC
120,>90,128,144,155,parent,GAC
120,>90,129,144,155,parent,GAC
120,>90,130,144,155,parent,GAC
120,>90,131,144,155,parent,GAC
120,>90,132,144,155,parent,GAC
120,>90,133,144,155,parent,GAC
120,>90,134,144,155,parent,GAC
120,>90,135,144,155,parent,GAC
120,>90,136,144,155,parent,GAC
48,<0.1,9,156,179,parent,GAC
49,<0.1,10,156,179,parent,GAC
49,<0.1,11,156,179,parent,GAC
50,<0.1,12,156,179,parent,GAC
50,<0.1,13,156,179,parent,GAC
51,0.1,14,156,179,parent,GAC
52,0.1,15,156,179,parent,GAC
52,0.1,16,156,179,parent,GAC
53,0.1,17,156,179,parent,GAC
53,0.1,18,156,179,parent,GAC
54,0.1,19,156,179,parent,GAC
55,0.1,20,156,179,parent,GAC
55,0.1,21,156,179,parent,GAC
56,0.2,22,156,179,parent,GAC
56,0.2,23,156,179,parent,GAC
57,0.2,24,156,179,parent,GAC
58,0.3,25,156,179,parent,GAC
58,0.3,26,156,179,parent,GAC
59,0.3,27,156,179,parent,GAC
60,0.4,28,156,179,parent,GAC
60,0.4,29,156,179,parent,GAC
61,0.5,30,156,179,parent,GAC
61,0.5,31,156,179,parent,GAC
62,1,32,156,179,parent,GAC
63,1,33,156,179,parent,GAC
63,1,34,156,179,parent,GAC
64,1,35,156,179,parent,GAC
64,1,36,156,179,parent,GAC
65,1,37,156,179,parent,GAC
66,1,38,156,179,parent,GAC
66,1,39,156,179,parent,GAC
67,1,40,156,179,parent,GAC
67,1,41,156,179,parent,GAC
68,2,42,156,179,parent,GAC
69,2,43,156,179,parent,GAC
69,2,44,156,179,parent,GAC
70,2,45,156,179,parent,GAC
71,3,46,156,179,parent,GAC
71,3,47,156,179,parent,GAC
72,3,48,156,179,parent,GAC
72,3,49,156,179,parent,GAC
73,4,50,156,179,parent,GAC
74,4,51,156,179,parent,GAC
74,4,52,156,179,parent,GAC
75,5,53,156,179,parent,GAC
75,5,54,156,179,parent,GAC
76,5,55,156,179,parent,GAC
77,6,56,156,179,parent,GAC
77,6,57,156,179,parent,GAC
78,7,58,156,179,parent,GAC
78,7,59,156,179,parent,GAC
79,8,60,156,179,parent,GAC
80,9,61,156,179,parent,GAC
80,9,62,156,179,parent,GAC
81,10,63,156,179,parent,GAC
82,12,64,156,179,parent,GAC
82,12,65,156,179,parent,GAC
83,13,66,156,179,parent,GAC
83,13,67,156,179,parent,GAC
84,14,68,156,179,parent,GAC
85,16,69,156,179,parent,GAC
85,16,70,156,179,parent,GAC
86,18,71,156,179,parent,GAC
86,18,72,156,179,parent,GAC
87,19,73,156,179,parent,GAC
88,21,74,156,179,parent,GAC
88,21,75,156,179,parent,GAC
89,23,76,156,179,parent,GAC
89,23,77,156,179,parent,GAC
90,25,78,156,179,parent,GAC
91,27,79,156,179,parent,GAC
91,27,80,156,179,parent,GAC
92,30,81,156,179,parent,GAC
92,30,82,156,179,parent,GAC
93,32,83,156,179,parent,GAC
94,34,84,156,179,parent,GAC
94,34,85,156,179,parent,GAC
95,37,86,156,179,parent,GAC
96,39,87,156,179,parent,GAC
96,39,88,156,179,parent,GAC
97,42,89,156,179,parent,GAC
97,42,90,156,179,parent,GAC
98,45,91,156,179,parent,GAC
99,47,92,156,179,parent,GAC
99,47,93,156,179,parent,GAC
100,50,94,156,179,parent,GAC
101,53,95,156,179,parent,GAC
102,55,96,156,179,parent,GAC
103,58,97,156,179,parent,GAC
104,61,98,156,179,parent,GAC
105,63,99,156,179,parent,GAC
106,66,100,156,179,parent,GAC
107,68,101,156,179,parent,GAC
108,70,102,156,179,parent,GAC
109,73,103,156,179,parent,GAC
110,75,104,156,179,parent,GAC
111,77,105,156,179,parent,GAC
112,79,106,156,179,parent,GAC
113,81,107,156,179,parent,GAC
114,82,108,156,179,parent,GAC
115,84,109,156,179,parent,GAC
116,86,110,156,179,parent,GAC
117,87,111,156,179,parent,GAC
118,88,112,156,179,parent,GAC
119,89,113,156,179,parent,GAC
120,>90,114,156,179,parent,GAC
120,>90,115,156,179,parent,GAC
120,>90,116,156,179,parent,GAC
120,>90,117,156,179,parent,GAC
120,>90,118,156,179,parent,GAC
120,>90,119,156,179,parent,GAC
120,>90,120,156,179,parent,GAC
120,>90,121,156,179,parent,GAC
120,>90,122,156,179,parent,GAC
120,>90,123,156,179,parent,GAC
120,>90,124,156,179,parent,GAC
120,>90,125,156,179,parent,GAC
120,>90,126,156,179,parent,GAC
120,>90,127,156,179,parent,GAC
120,>90,128,156,179,parent,GAC
120,>90,129,156,179,parent,GAC
49,<0.1,9,180,203,parent,GAC
50,<0.1,10,180,203,parent,GAC
50,<0.1,11,180,203,parent,GAC
51,0.1,12,180,203,parent,GAC
51,0.1,13,180,203,parent,GAC
52,0.1,14,180,203,parent,GAC
53,0.1,15,180,203,parent,GAC
53,0.1,16,180,203,parent,GAC
54,0.1,17,180,203,parent,GAC
54,0.1,18,180,203,parent,GAC
55,0.1,19,180,203,parent,GAC
56,0.2,20,180,203,parent,GAC
56,0.2,21,180,203,parent,GAC
57,0.2,22,180,203,parent,GAC
57,0.2,23,180,203,parent,GAC
58,0.3,24,180,203,parent,GAC
59,0.3,25,180,203,parent,GAC
59,0.3,26,180,203,parent,GAC
60,0.4,27,180,203,parent,GAC
60,0.4,28,180,203,parent,GAC
61,0.5,29,180,203,parent,GAC
62,1,30,180,203,parent,GAC
62,1,31,180,203,parent,GAC
63,1,32,180,203,parent,GAC
63,1,33,180,203,parent,GAC
64,1,34,180,203,parent,GAC
65,1,35,180,203,parent,GAC
65,1,36,180,203,parent,GAC
66,1,37,180,203,parent,GAC
66,1,38,180,203,parent,GAC
67,1,39,180,203,parent,GAC
68,2,40,180,203,parent,GAC
68,2,41,180,203,parent,GAC
69,2,42,180,203,parent,GAC
69,2,43,180,203,parent,GAC
70,2,44,180,203,parent,GAC
70,2,45,180,203,parent,GAC
71,3,46,180,203,parent,GAC
72,3,47,180,203,parent,GAC
72,3,48,180,203,parent,GAC
73,4,49,180,203,parent,GAC
73,4,50,180,203,parent,GAC
74,4,51,180,203,parent,GAC
75,5,52,180,203,parent,GAC
75,5,53,180,203,parent,GAC
76,5,54,180,203,parent,GAC
76,5,55,180,203,parent,GAC
77,6,56,180,203,parent,GAC
78,7,57,180,203,parent,GAC
78,7,58,180,203,parent,GAC
79,8,59,180,203,parent,GAC
79,8,60,180,203,parent,GAC
80,9,61,180,203,parent,GAC
81,10,62,180,203,parent,GAC
81,10,63,180,203,parent,GAC
82,12,64,180,203,parent,GAC
82,12,65,180,203,parent,GAC
83,13,66,180,203,parent,GAC
84,14,67,180,203,parent,GAC
84,14,68,180,203,parent,GAC
85,16,69,180,203,parent,GAC
85,16,70,180,203,parent,GAC
86,18,71,180,203,parent,GAC
87,19,72,180,203,parent,GAC
87,19,73,180,203,parent,GAC
88,21,74,180,203,parent,GAC
88,21,75,180,203,parent,GAC
89,23,76,180,203,parent,GAC
89,23,77,180,203,parent,GAC
90,25,78,180,203,parent,GAC
91,27,79,180,203,parent,GAC
91,27,80,180,203,parent,GAC
92,30,81,180,203,parent,GAC
92,30,82,180,203,parent,GAC
93,32,83,180,203,parent,GAC
94,34,84,180,203,parent,GAC
94,34,85,180,203,parent,GAC
95,37,86,180,203,parent,GAC
95,37,87,180,203,parent,GAC
96,39,88,180,203,parent,GAC
97,42,89,180,203,parent,GAC
97,42,90,180,203,parent,GAC
98,45,91,180,203,parent,GAC
98,45,92,180,203,parent,GAC
99,47,93,180,203,parent,GAC
100,50,94,180,203,parent,GAC
100,50,95,180,203,parent,GAC
101,53,96,180,203,parent,GAC
102,55,97,180,203,parent,GAC
104,61,98,180,203,parent,GAC
105,63,99,180,203,parent,GAC
106,66,100,180,203,parent,GAC
107,68,101,180,203,parent,GAC
108,70,102,180,203,parent,GAC
109,73,103,180,203,parent,GAC
110,75,104,180,203,parent,GAC
111,77,105,180,203,parent,GAC
112,79,106,180,203,parent,GAC
113,81,104,180,203,parent,GAC
114,82,108,180,203,parent,GAC
115,84,109,180,203,parent,GAC
116,86,110,180,203,parent,GAC
117,87,111,180,203,parent,GAC
118,88,112,180,203,parent,GAC
119,89,113,180,203,parent,GAC
120,>90,114,180,203,parent,GAC
120,>90,115,180,203,parent,GAC
120,>90,116,180,203,parent,GAC
120,>90,117,180,203,parent,GAC
120,>90,118,180,203,parent,GAC
120,>90,119,180,203,parent,GAC
120,>90,120,180,203,parent,GAC
120,>90,121,180,203,parent,GAC
120,>90,122,180,203,parent,GAC
120,>90,123,180,203,parent,GAC
50,<0.1,9,204,263,parent,GAC
51,0.1,10,204,263,parent,GAC
52,0.1,11,204,263,parent,GAC
52,0.1,12,204,263,parent,GAC
53,0.1,13,204,263,parent,GAC
53,0.1,14,204,263,parent,GAC
54,0.1,15,204,263,parent,GAC
54,0.1,16,204,263,parent,GAC
55,0.1,17,204,263,parent,GAC
56,0.2,18,204,263,parent,GAC
56,0.2,19,204,263,parent,GAC
57,0.2,20,204,263,parent,GAC
57,0.2,21,204,263,parent,GAC
58,0.3,22,204,263,parent,GAC
58,0.3,23,204,263,parent,GAC
59,0.3,24,204,263,parent,GAC
60,0.4,25,204,263,parent,GAC
60,0.4,26,204,263,parent,GAC
61,0.5,27,204,263,parent,GAC
61,0.5,28,204,263,parent,GAC
62,1,29,204,263,parent,GAC
62,1,30,204,263,parent,GAC
63,1,31,204,263,parent,GAC
64,1,32,204,263,parent,GAC
64,1,33,204,263,parent,GAC
65,1,34,204,263,parent,GAC
65,1,35,204,263,parent,GAC
66,1,36,204,263,parent,GAC
67,1,37,204,263,parent,GAC
67,1,38,204,263,parent,GAC
68,2,39,204,263,parent,GAC
68,2,40,204,263,parent,GAC
69,2,41,204,263,parent,GAC
69,2,42,204,263,parent,GAC
70,2,43,204,263,parent,GAC
71,3,44,204,263,parent,GAC
71,3,45,204,263,parent,GAC
72,3,46,204,263,parent,GAC
72,3,47,204,263,parent,GAC
73,4,48,204,263,parent,GAC
73,4,49,204,263,parent,GAC
74,4,50,204,263,parent,GAC
75,5,51,204,263,parent,GAC
75,5,52,204,263,parent,GAC
76,5,53,204,263,parent,GAC
76,5,54,204,263,parent,GAC
77,6,55,204,263,parent,GAC
77,6,56,204,263,parent,GAC
78,7,57,204,263,parent,GAC
79,8,58,204,263,parent,GAC
79,8,59,204,263,parent,GAC
80,9,60,204,263,parent,GAC
80,9,61,204,263,parent,GAC
81,10,62,204,263,parent,GAC
81,10,63,204,263,parent,GAC
82,12,64,204,263,parent,GAC
83,13,65,204,263,parent,GAC
83,13,66,204,263,parent,GAC
84,14,67,204,263,parent,GAC
84,14,68,204,263,parent,GAC
85,16,69,204,263,parent,GAC
86,18,70,204,263,parent,GAC
86,18,71,204,263,parent,GAC
87,19,72,204,263,parent,GAC
87,19,73,204,263,parent,GAC
88,21,74,204,263,parent,GAC
88,21,75,204,263,parent,GAC
89,23,76,204,263,parent,GAC
90,25,77,204,263,parent,GAC
90,25,78,204,263,parent,GAC
91,27,79,204,263,parent,GAC
91,27,80,204,263,parent,GAC
92,30,81,204,263,parent,GAC
92,30,82,204,263,parent,GAC
93,32,83,204,263,parent,GAC
94,34,84,204,263,parent,GAC
94,34,85,204,263,parent,GAC
95,37,86,204,263,parent,GAC
95,37,87,204,263,parent,GAC
96,39,88,204,263,parent,GAC
96,39,89,204,263,parent,GAC
97,42,90,204,263,parent,GAC
98,45,91,204,263,parent,GAC
98,45,92,204,263,parent,GAC
99,47,93,204,263,parent,GAC
99,47,94,204,263,parent,GAC
100,50,95,204,263,parent,GAC
101,53,96,204,263,parent,GAC
102,55,97,204,263,parent,GAC
103,58,98,204,263,parent,GAC
104,61,99,204,263,parent,GAC
106,66,100,204,263,parent,GAC
107,68,101,204,263,parent,GAC
108,70,102,204,263,parent,GAC
109,73,103,204,263,parent,GAC
110,75,104,204,263,parent,GAC
111,77,105,204,263,parent,GAC
112,79,106,204,263,parent,GAC
114,82,107,204,263,parent,GAC
115,84,108,204,263,parent,GAC
116,86,109,204,263,parent,GAC
117,87,110,204,263,parent,GAC
54,0.1,5,60,71,parent,CON
56,0.2,6,60,71,parent,CON
58,0.3,7,60,71,parent,CON
59,0.3,8,60,71,parent,CON
61,0.5,9,60,71,parent,CON
63,1,10,60,71,parent,CON
65,1,11,60,71,parent,CON
67,1,12,60,71,parent,CON
69,2,13,60,71,parent,CON
71,3,14,60,71,parent,CON
73,4,15,60,71,parent,CON
74,4,16,60,71,parent,CON
76,5,17,60,71,parent,CON
78,7,18,60,71,parent,CON
80,9,19,60,71,parent,CON
82,12,20,60,71,parent,CON
84,14,21,60,71,parent,CON
86,18,22,60,71,parent,CON
88,21,23,60,71,parent,CON
89,23,24,60,71,parent,CON
91,27,25,60,71,parent,CON
93,32,26,60,71,parent,CON
95,37,27,60,71,parent,CON
97,42,28,60,71,parent,CON
99,47,29,60,71,parent,CON
101,53,30,60,71,parent,CON
102,55,31,60,71,parent,CON
104,61,32,60,71,parent,CON
106,66,33,60,71,parent,CON
107,68,34,60,71,parent,CON
109,73,35,60,71,parent,CON
111,77,36,60,71,parent,CON
112,79,37,60,71,parent,CON
114,82,38,60,71,parent,CON
116,86,39,60,71,parent,CON
117,87,40,60,71,parent,CON
119,90,41,60,71,parent,CON
120,>90,42,60,71,parent,CON
120,>90,43,60,71,parent,CON
120,>90,44,60,71,parent,CON
120,>90,45,60,71,parent,CON
120,>90,46,60,71,parent,CON
120,>90,47,60,71,parent,CON
120,>90,48,60,71,parent,CON
120,>90,49,60,71,parent,CON
120,>90,50,60,71,parent,CON
120,>90,51,60,71,parent,CON
120,>90,52,60,71,parent,CON
120,>90,53,60,71,parent,CON
120,>90,54,60,71,parent,CON
120,>90,55,60,71,parent,CON
120,>90,56,60,71,parent,CON
49,<0.1,3,72,83,parent,CON
51,0.1,4,72,83,parent,CON
53,0.1,5,72,83,parent,CON
55,0.1,6,72,83,parent,CON
56,0.2,7,72,83,parent,CON
58,0.3,8,72,83,parent,CON
60,0.4,9,72,83,parent,CON
62,1,10,72,83,parent,CON
64,1,11,72,83,parent,CON
66,1,12,72,83,parent,CON
67,1,13,72,83,parent,CON
70,2,14,72,83,parent,CON
72,3,15,72,83,parent,CON
74,4,16,72,83,parent,CON
76,5,17,72,83,parent,CON
77,6,18,72,83,parent,CON
79,8,19,72,83,parent,CON
81,10,20,72,83,parent,CON
83,13,21,72,83,parent,CON
85,16,22,72,83,parent,CON
87,19,23,72,83,parent,CON
89,23,24,72,83,parent,CON
91,27,25,72,83,parent,CON
93,32,26,72,83,parent,CON
95,37,27,72,83,parent,CON
97,42,28,72,83,parent,CON
98,45,29,72,83,parent,CON
100,50,30,72,83,parent,CON
102,55,31,72,83,parent,CON
104,61,32,72,83,parent,CON
106,66,33,72,83,parent,CON
107,68,34,72,83,parent,CON
109,73,35,72,83,parent,CON
111,77,36,72,83,parent,CON
113,81,37,72,83,parent,CON
115,84,38,72,83,parent,CON
116,86,39,72,83,parent,CON
118,88,40,72,83,parent,CON
120,>90,41,72,83,parent,CON
120,>90,42,72,83,parent,CON
120,>90,43,72,83,parent,CON
120,>90,44,72,83,parent,CON
120,>90,45,72,83,parent,CON
120,>90,46,72,83,parent,CON
120,>90,47,72,83,parent,CON
120,>90,48,72,83,parent,CON
120,>90,49,72,83,parent,CON
120,>90,50,72,83,parent,CON
120,>90,51,72,83,parent,CON
120,>90,52,72,83,parent,CON
120,>90,53,72,83,parent,CON
120,>90,54,72,83,parent,CON
48,<0.1,3,84,95,parent,CON
50,<0.1,4,84,95,parent,CON
52,0.1,5,84,95,parent,CON
54,0.1,6,84,95,parent,CON
56,0.2,7,84,95,parent,CON
58,0.3,8,84,95,parent,CON
59,0.3,9,84,95,parent,CON
61,0.5,10,84,95,parent,CON
63,1,11,84,95,parent,CON
65,1,12,84,95,parent,CON
67,1,13,84,95,parent,CON
69,2,14,84,95,parent,CON
71,3,15,84,95,parent,CON
73,4,16,84,95,parent,CON
75,5,17,84,95,parent,CON
77,6,18,84,95,parent,CON
79,8,19,84,95,parent,CON
81,10,20,84,95,parent,CON
83,13,21,84,95,parent,CON
85,16,22,84,95,parent,CON
86,18,23,84,95,parent,CON
88,21,24,84,95,parent,CON
90,25,25,84,95,parent,CON
92,30,26,84,95,parent,CON
94,34,27,84,95,parent,CON
96,39,28,84,95,parent,CON
98,45,29,84,95,parent,CON
100,50,30,84,95,parent,CON
102,55,31,84,95,parent,CON
104,61,32,84,95,parent,CON
106,66,33,84,95,parent,CON
108,70,34,84,95,parent,CON
110,75,35,84,95,parent,CON
111,77,36,84,95,parent,CON
113,81,37,84,95,parent,CON
115,84,38,84,95,parent,CON
117,87,39,84,95,parent,CON
119,90,40,84,95,parent,CON
120,>90,41,84,95,parent,CON
120,>90,42,84,95,parent,CON
120,>90,43,84,95,parent,CON
120,>90,44,84,95,parent,CON
120,>90,45,84,95,parent,CON
120,>90,46,84,95,parent,CON
120,>90,47,84,95,parent,CON
120,>90,48,84,95,parent,CON
120,>90,49,84,95,parent,CON
120,>90,50,84,95,parent,CON
120,>90,51,84,95,parent,CON
47,<0.1,3,96,107,parent,CON
49,<0.1,4,96,107,parent,CON
51,0.1,5,96,107,parent,CON
53,0.1,6,96,107,parent,CON
55,0.1,7,96,107,parent,CON
57,0.2,8,96,107,parent,CON
59,0.3,9,96,107,parent,CON
61,0.5,10,96,107,parent,CON
63,1,11,96,107,parent,CON
65,1,12,96,107,parent,CON
67,1,13,96,107,parent,CON
69,2,14,96,107,parent,CON
71,3,15,96,107,parent,CON
73,4,16,96,107,parent,CON
74,4,17,96,107,parent,CON
76,5,18,96,107,parent,CON
78,7,19,96,107,parent,CON
80,9,20,96,107,parent,CON
82,12,21,96,107,parent,CON
84,14,22,96,107,parent,CON
86,18,23,96,107,parent,CON
88,21,24,96,107,parent,CON
90,25,25,96,107,parent,CON
92,30,26,96,107,parent,CON
94,34,27,96,107,parent,CON
96,39,28,96,107,parent,CON
98,45,29,96,107,parent,CON
100,50,30,96,107,parent,CON
102,55,31,96,107,parent,CON
104,61,32,96,107,parent,CON
106,66,33,96,107,parent,CON
108,70,34,96,107,parent,CON
110,75,35,96,107,parent,CON
112,79,36,96,107,parent,CON
114,82,37,96,107,parent,CON
116,86,38,96,107,parent,CON
118,88,39,96,107,parent,CON
120,>90,40,96,107,parent,CON
120,>90,41,96,107,parent,CON
120,>90,42,96,107,parent,CON
120,>90,43,96,107,parent,CON
120,>90,44,96,107,parent,CON
120,>90,45,96,107,parent,CON
120,>90,46,96,107,parent,CON
120,>90,47,96,107,parent,CON
120,>90,48,96,107,parent,CON
120,>90,49,96,107,parent,CON
47,<0.1,3,108,119,parent,CON
49,<0.1,4,108,119,parent,CON
51,0.1,5,108,119,parent,CON
53,0.1,6,108,119,parent,CON
55,0.1,7,108,119,parent,CON
57,0.2,8,108,119,parent,CON
59,0.3,9,108,119,parent,CON
61,0.5,10,108,119,parent,CON
63,1,11,108,119,parent,CON
65,1,12,108,119,parent,CON
67,1,13,108,119,parent,CON
68,2,14,108,119,parent,CON
70,2,15,108,119,parent,CON
72,3,16,108,119,parent,CON
74,4,17,108,119,parent,CON
76,5,18,108,119,parent,CON
78,7,19,108,119,parent,CON
80,9,20,108,119,parent,CON
82,12,21,108,119,parent,CON
84,14,22,108,119,parent,CON
86,18,23,108,119,parent,CON
88,21,24,108,119,parent,CON
90,25,25,108,119,parent,CON
92,30,26,108,119,parent,CON
94,34,27,108,119,parent,CON
95,37,28,108,119,parent,CON
97,42,29,108,119,parent,CON
99,47,30,108,119,parent,CON
101,53,31,108,119,parent,CON
104,61,32,108,119,parent,CON
106,66,33,108,119,parent,CON
108,70,34,108,119,parent,CON
110,75,35,108,119,parent,CON
112,79,36,108,119,parent,CON
114,82,37,108,119,parent,CON
117,87,38,108,119,parent,CON
119,90,39,108,119,parent,CON
120,>90,40,108,119,parent,CON
120,>90,41,108,119,parent,CON
120,>90,42,108,119,parent,CON
120,>90,43,108,119,parent,CON
120,>90,44,108,119,parent,CON
120,>90,45,108,119,parent,CON
120,>90,46,108,119,parent,CON
120,>90,47,108,119,parent,CON
48,<0.1,3,120,131,parent,CON
49,<0.1,4,120,131,parent,CON
51,0.1,5,120,131,parent,CON
53,0.1,6,120,131,parent,CON
55,0.1,7,120,131,parent,CON
57,0.2,8,120,131,parent,CON
59,0.3,9,120,131,parent,CON
61,0.5,10,120,131,parent,CON
63,1,11,120,131,parent,CON
65,1,12,120,131,parent,CON
67,1,13,120,131,parent,CON
68,2,14,120,131,parent,CON
70,2,15,120,131,parent,CON
72,3,16,120,131,parent,CON
74,4,17,120,131,parent,CON
76,5,18,120,131,parent,CON
78,7,19,120,131,parent,CON
80,9,20,120,131,parent,CON
82,12,21,120,131,parent,CON
84,14,22,120,131,parent,CON
86,18,23,120,131,parent,CON
88,21,24,120,131,parent,CON
89,23,25,120,131,parent,CON
91,27,26,120,131,parent,CON
93,32,27,120,131,parent,CON
95,37,28,120,131,parent,CON
97,42,29,120,131,parent,CON
99,47,30,120,131,parent,CON
101,53,31,120,131,parent,CON
103,58,32,120,131,parent,CON
106,66,33,120,131,parent,CON
108,70,34,120,131,parent,CON
110,75,35,120,131,parent,CON
113,81,36,120,131,parent,CON
115,84,37,120,131,parent,CON
117,87,38,120,131,parent,CON
120,>90,39,120,131,parent,CON
120,>90,40,120,131,parent,CON
120,>90,41,120,131,parent,CON
120,>90,42,120,131,parent,CON
120,>90,43,120,131,parent,CON
120,>90,44,120,131,parent,CON
120,>90,45,120,131,parent,CON
120,>90,46,120,131,parent,CON
48,<0.1,3,132,143,parent,CON
50,<0.1,4,132,143,parent,CON
52,0.1,5,132,143,parent,CON
54,0.1,6,132,143,parent,CON
56,0.2,7,132,143,parent,CON
58,0.3,8,132,143,parent,CON
59,0.3,9,132,143,parent,CON
61,0.5,10,132,143,parent,CON
63,1,11,132,143,parent,CON
65,1,12,132,143,parent,CON
67,1,13,132,143,parent,CON
69,2,14,132,143,parent,CON
71,3,15,132,143,parent,CON
72,3,16,132,143,parent,CON
74,4,17,132,143,parent,CON
76,5,18,132,143,parent,CON
78,7,19,132,143,parent,CON
80,9,20,132,143,parent,CON
82,12,21,132,143,parent,CON
84,14,22,132,143,parent,CON
86,18,23,132,143,parent,CON
87,19,24,132,143,parent,CON
89,23,25,132,143,parent,CON
91,27,26,132,143,parent,CON
93,32,27,132,143,parent,CON
95,37,28,132,143,parent,CON
97,42,29,132,143,parent,CON
99,47,30,132,143,parent,CON
101,53,31,132,143,parent,CON
103,58,32,132,143,parent,CON
106,66,33,132,143,parent,CON
108,70,34,132,143,parent,CON
110,75,35,132,143,parent,CON
113,81,36,132,143,parent,CON
115,84,37,132,143,parent,CON
118,88,38,132,143,parent,CON
120,>90,39,132,143,parent,CON
120,>90,40,132,143,parent,CON
120,>90,41,132,143,parent,CON
120,>90,42,132,143,parent,CON
120,>90,43,132,143,parent,CON
120,>90,44,132,143,parent,CON
120,>90,45,132,143,parent,CON
49,<0.1,3,144,155,parent,CON
51,0.1,4,144,155,parent,CON
53,0.1,5,144,155,parent,CON
55,0.1,6,144,155,parent,CON
57,0.2,7,144,155,parent,CON
58,0.3,8,144,155,parent,CON
60,0.4,9,144,155,parent,CON
62,1,10,144,155,parent,CON
64,1,11,144,155,parent,CON
66,1,12,144,155,parent,CON
67,1,13,144,155,parent,CON
69,2,14,144,155,parent,CON
71,3,15,144,155,parent,CON
73,4,16,144,155,parent,CON
75,5,17,144,155,parent,CON
77,6,18,144,155,parent,CON
78,7,19,144,155,parent,CON
80,9,20,144,155,parent,CON
82,12,21,144,155,parent,CON
84,14,22,144,155,parent,CON
86,18,23,144,155,parent,CON
87,19,24,144,155,parent,CON
89,23,25,144,155,parent,CON
91,27,26,144,155,parent,CON
93,32,27,144,155,parent,CON
95,37,28,144,155,parent,CON
96,39,29,144,155,parent,CON
98,45,30,144,155,parent,CON
100,50,31,144,155,parent,CON
103,58,32,144,155,parent,CON
105,63,33,144,155,parent,CON
108,70,34,144,155,parent,CON
111,77,35,144,155,parent,CON
113,81,36,144,155,parent,CON
116,86,37,144,155,parent,CON
118,88,38,144,155,parent,CON
120,>90,39,144,155,parent,CON
120,>90,40,144,155,parent,CON
120,>90,41,144,155,parent,CON
120,>90,42,144,155,parent,CON
120,>90,43,144,155,parent,CON
120,>90,44,144,155,parent,CON
120,>90,45,144,155,parent,CON
51,0.1,3,156,179,parent,CON
52,0.1,4,156,179,parent,CON
54,0.1,5,156,179,parent,CON
56,0.2,6,156,179,parent,CON
58,0.3,7,156,179,parent,CON
59,0.3,8,156,179,parent,CON
61,0.5,9,156,179,parent,CON
63,1,10,156,179,parent,CON
65,1,11,156,179,parent,CON
66,1,12,156,179,parent,CON
68,2,13,156,179,parent,CON
70,2,14,156,179,parent,CON
72,3,15,156,179,parent,CON
73,4,16,156,179,parent,CON
75,5,17,156,179,parent,CON
77,6,18,156,179,parent,CON
79,8,19,156,179,parent,CON
80,9,20,156,179,parent,CON
82,12,21,156,179,parent,CON
84,14,22,156,179,parent,CON
86,18,23,156,179,parent,CON
87,19,24,156,179,parent,CON
89,23,25,156,179,parent,CON
91,27,26,156,179,parent,CON
93,32,27,156,179,parent,CON
94,34,28,156,179,parent,CON
96,39,29,156,179,parent,CON
96,39,29,156,179,parent,CON
98,45,30,156,179,parent,CON
100,50,31,156,179,parent,CON
102,55,32,156,179,parent,CON
105,63,33,156,179,parent,CON
108,70,34,156,179,parent,CON
111,77,35,156,179,parent,CON
113,81,36,156,179,parent,CON
116,86,37,156,179,parent,CON
119,89,38,156,179,parent,CON
120,>90,39,156,179,parent,CON
120,>90,40,156,179,parent,CON
120,>90,41,156,179,parent,CON
120,>90,42,156,179,parent,CON
52,0.1,3,180,203,parent,CON
54,0.1,4,180,203,parent,CON
56,0.2,5,180,203,parent,CON
57,0.2,6,180,203,parent,CON
59,0.3,7,180,203,parent,CON
61,0.5,8,180,203,parent,CON
62,1,9,180,203,parent,CON
64,1,10,180,203,parent,CON
66,1,11,180,203,parent,CON
67,1,12,180,203,parent,CON
69,2,13,180,203,parent,CON
71,3,14,180,203,parent,CON
73,4,15,180,203,parent,CON
74,4,16,180,203,parent,CON
76,5,17,180,203,parent,CON
78,7,18,180,203,parent,CON
79,8,19,180,203,parent,CON
81,10,20,180,203,parent,CON
83,13,21,180,203,parent,CON
84,14,22,180,203,parent,CON
86,18,23,180,203,parent,CON
88,21,24,180,203,parent,CON
89,23,25,180,203,parent,CON
91,27,26,180,203,parent,CON
93,32,27,180,203,parent,CON
94,34,28,180,203,parent,CON
96,39,29,180,203,parent,CON
98,45,30,180,203,parent,CON
99,47,31,180,203,parent,CON
102,55,32,180,203,parent,CON
105,63,33,180,203,parent,CON
108,70,34,180,203,parent,CON
111,77,35,180,203,parent,CON
113,81,36,180,203,parent,CON
116,86,37,180,203,parent,CON
119,89,38,180,203,parent,CON
120,>90,39,180,203,parent,CON
120,>90,40,180,203,parent,CON
120,>90,41,180,203,parent,CON
54,0.1,3,204,263,parent,CON
56,0.2,4,204,263,parent,CON
57,0.2,5,204,263,parent,CON
59,0.3,6,204,263,parent,CON
61,0.5,7,204,263,parent,CON
62,1,8,204,263,parent,CON
64,1,9,204,263,parent,CON
65,1,10,204,263,parent,CON
67,1,11,204,263,parent,CON
69,2,12,204,263,parent,CON
70,2,13,204,263,parent,CON
72,3,14,204,263,parent,CON
73,4,15,204,263,parent,CON
75,5,16,204,263,parent,CON
77,6,17,204,263,parent,CON
78,7,18,204,263,parent,CON
80,9,19,204,263,parent,CON
81,10,20,204,263,parent,CON
83,13,21,204,263,parent,CON
85,16,22,204,263,parent,CON
86,18,23,204,263,parent,CON
88,21,24,204,263,parent,CON
89,23,25,204,263,parent,CON
91,27,26,204,263,parent,CON
93,32,27,204,263,parent,CON
94,34,28,204,263,parent,CON
96,39,29,204,263,parent,CON
97,42,30,204,263,parent,CON
99,47,31,204,263,parent,CON
101,53,32,204,263,parent,CON
104,61,33,204,263,parent,CON
107,68,34,204,263,parent,CON
110,75,35,204,263,parent,CON
113,81,36,204,263,parent,CON
116,86,37,204,263,parent,CON
58,0.3,2,60,71,parent,SO
60,0.4,3,60,71,parent,SO
62,1,4,60,71,parent,SO
64,1,5,60,71,parent,SO
67,1,6,60,71,parent,SO
69,2,7,60,71,parent,SO
71,3,8,60,71,parent,SO
74,4,9,60,71,parent,SO
76,5,10,60,71,parent,SO
78,7,11,60,71,parent,SO
80,9,12,60,71,parent,SO
83,13,13,60,71,parent,SO
85,16,14,60,71,parent,SO
87,19,15,60,71,parent,SO
89,23,16,60,71,parent,SO
92,30,17,60,71,parent,SO
94,34,18,60,71,parent,SO
96,39,19,60,71,parent,SO
98,45,20,60,71,parent,SO
101,53,21,60,71,parent,SO
104,61,22,60,71,parent,SO
106,66,23,60,71,parent,SO
109,73,24,60,71,parent,SO
112,79,25,60,71,parent,SO
115,84,26,60,71,parent,SO
117,87,27,60,71,parent,SO
119,90,28,60,71,parent,SO
120,>90,29,60,71,parent,SO
120,>90,30,60,71,parent,SO
120,>90,31,60,71,parent,SO
120,>90,32,60,71,parent,SO
120,>90,33,60,71,parent,SO
120,>90,34,60,71,parent,SO
55,0.1,2,72,83,parent,SO
58,0.3,3,72,83,parent,SO
60,0.4,4,72,83,parent,SO
62,1,5,72,83,parent,SO
65,1,6,72,83,parent,SO
67,1,7,72,83,parent,SO
70,2,8,72,83,parent,SO
72,3,9,72,83,parent,SO
74,4,10,72,83,parent,SO
77,6,11,72,83,parent,SO
79,8,12,72,83,parent,SO
82,12,13,72,83,parent,SO
84,14,14,72,83,parent,SO
86,18,15,72,83,parent,SO
89,23,16,72,83,parent,SO
91,27,17,72,83,parent,SO
94,34,18,72,83,parent,SO
96,39,19,72,83,parent,SO
99,47,20,72,83,parent,SO
101,53,21,72,83,parent,SO
104,61,22,72,83,parent,SO
107,68,23,72,83,parent,SO
110,75,24,72,83,parent,SO
113,81,25,72,83,parent,SO
115,84,26,72,83,parent,SO
118,88,27,72,83,parent,SO
120,>90,28,72,83,parent,SO
120,>90,29,72,83,parent,SO
120,>90,30,72,83,parent,SO
120,>90,31,72,83,parent,SO
53,0.1,2,84,95,parent,SO
56,0.2,3,84,95,parent,SO
58,0.3,4,84,95,parent,SO
61,0.5,5,84,95,parent,SO
63,1,6,84,95,parent,SO
66,1,7,84,95,parent,SO
68,2,8,84,95,parent,SO
71,3,9,84,95,parent,SO
73,4,10,84,95,parent,SO
76,5,11,84,95,parent,SO
78,7,12,84,95,parent,SO
81,10,13,84,95,parent,SO
83,13,14,84,95,parent,SO
86,18,15,84,95,parent,SO
89,23,16,84,95,parent,SO
91,27,17,84,95,parent,SO
94,34,18,84,95,parent,SO
96,39,19,84,95,parent,SO
99,47,20,84,95,parent,SO
101,53,21,84,95,parent,SO
104,61,22,84,95,parent,SO
107,68,23,84,95,parent,SO
110,75,24,84,95,parent,SO
113,81,25,84,95,parent,SO
116,86,26,84,95,parent,SO
119,90,27,84,95,parent,SO
120,>90,28,84,95,parent,SO
120,>90,29,84,95,parent,SO
120,>90,30,84,95,parent,SO
52,0.1,2,96,107,parent,SO
54,0.1,3,96,107,parent,SO
57,0.2,4,96,107,parent,SO
60,0.4,5,96,107,parent,SO
62,1,6,96,107,parent,SO
65,1,7,96,107,parent,SO
67,1,8,96,107,parent,SO
70,2,9,96,107,parent,SO
73,4,10,96,107,parent,SO
75,5,11,96,107,parent,SO
78,7,12,96,107,parent,SO
80,9,13,96,107,parent,SO
83,13,14,96,107,parent,SO
86,18,15,96,107,parent,SO
88,21,16,96,107,parent,SO
91,27,17,96,107,parent,SO
94,34,18,96,107,parent,SO
96,39,19,96,107,parent,SO
99,47,20,96,107,parent,SO
102,55,21,96,107,parent,SO
105,63,22,96,107,parent,SO
108,70,23,96,107,parent,SO
111,77,24,96,107,parent,SO
114,82,25,96,107,parent,SO
117,87,26,96,107,parent,SO
120,>90,27,96,107,parent,SO
120,>90,28,96,107,parent,SO
51,0.1,2,108,119,parent,SO
54,0.1,3,108,119,parent,SO
56,0.2,4,108,119,parent,SO
59,0.3,5,108,119,parent,SO
62,1,6,108,119,parent,SO
64,1,7,108,119,parent,SO
67,1,8,108,119,parent,SO
70,2,9,108,119,parent,SO
72,3,10,108,119,parent,SO
75,5,11,108,119,parent,SO
78,7,12,108,119,parent,SO
80,9,13,108,119,parent,SO
83,13,14,108,119,parent,SO
86,18,15,108,119,parent,SO
88,21,16,108,119,parent,SO
91,27,17,108,119,parent,SO
94,34,18,108,119,parent,SO
96,39,19,108,119,parent,SO
99,47,20,108,119,parent,SO
102,55,21,108,119,parent,SO
105,63,22,108,119,parent,SO
108,70,23,108,119,parent,SO
112,79,24,108,119,parent,SO
115,84,25,108,119,parent,SO
118,88,26,108,119,parent,SO
120,>90,27,108,119,parent,SO
120,>90,28,108,119,parent,SO
51,0.1,2,120,131,parent,SO
54,0.1,3,120,131,parent,SO
57,0.2,4,120,131,parent,SO
59,0.3,5,120,131,parent,SO
62,1,6,120,131,parent,SO
65,1,7,120,131,parent,SO
67,1,8,120,131,parent,SO
70,2,9,120,131,parent,SO
72,3,10,120,131,parent,SO
75,5,11,120,131,parent,SO
78,7,12,120,131,parent,SO
80,9,13,120,131,parent,SO
83,13,14,120,131,parent,SO
86,18,15,120,131,parent,SO
88,21,16,120,131,parent,SO
91,27,17,120,131,parent,SO
94,34,18,120,131,parent,SO
96,39,19,120,131,parent,SO
99,47,20,120,131,parent,SO
102,55,21,120,131,parent,SO
106,66,22,120,131,parent,SO
109,73,23,120,131,parent,SO
112,79,24,120,131,parent,SO
116,86,25,120,131,parent,SO
119,89,26,120,131,parent,SO
120,>90,27,120,131,parent,SO
52,0.1,2,132,143,parent,SO
55,0.1,3,132,143,parent,SO
57,0.2,4,132,143,parent,SO
60,0.4,5,132,143,parent,SO
63,1,6,132,143,parent,SO
65,1,7,132,143,parent,SO
68,2,8,132,143,parent,SO
70,2,9,132,143,parent,SO
73,4,10,132,143,parent,SO
76,5,11,132,143,parent,SO
78,7,12,132,143,parent,SO
81,10,13,132,143,parent,SO
83,13,14,132,143,parent,SO
86,18,15,132,143,parent,SO
89,23,16,132,143,parent,SO
91,27,17,132,143,parent,SO
94,34,18,132,143,parent,SO
96,39,19,132,143,parent,SO
99,47,20,132,143,parent,SO
102,55,21,132,143,parent,SO
106,66,22,132,143,parent,SO
110,75,23,132,143,parent,SO
113,81,24,132,143,parent,SO
117,87,25,132,143,parent,SO
120,>90,26,132,143,parent,SO
120,>90,27,132,143,parent,SO
54,0.1,2,144,155,parent,SO
57,0.2,3,144,155,parent,SO
59,0.3,4,144,155,parent,SO
62,1,5,144,155,parent,SO
64,1,6,144,155,parent,SO
67,1,7,144,155,parent,SO
69,2,8,144,155,parent,SO
72,3,9,144,155,parent,SO
74,4,10,144,155,parent,SO
77,6,11,144,155,parent,SO
79,8,12,144,155,parent,SO
82,12,13,144,155,parent,SO
84,14,14,144,155,parent,SO
87,19,15,144,155,parent,SO
89,23,16,144,155,parent,SO
92,30,17,144,155,parent,SO
94,34,18,144,155,parent,SO
97,42,19,144,155,parent,SO
99,47,20,144,155,parent,SO
103,58,21,144,155,parent,SO
107,68,22,144,155,parent,SO
111,77,23,144,155,parent,SO
115,84,24,144,155,parent,SO
119,89,25,144,155,parent,SO
120,>90,26,144,155,parent,SO
120,>90,27,144,155,parent,SO
57,0.2,2,156,179,parent,SO
59,0.3,3,156,179,parent,SO
61,0.5,4,156,179,parent,SO
64,1,5,156,179,parent,SO
66,1,6,156,179,parent,SO
68,2,7,156,179,parent,SO
71,3,8,156,179,parent,SO
73,4,9,156,179,parent,SO
75,5,10,156,179,parent,SO
78,7,11,156,179,parent,SO
80,9,12,156,179,parent,SO
83,13,13,156,179,parent,SO
85,16,14,156,179,parent,SO
87,19,15,156,179,parent,SO
90,25,16,156,179,parent,SO
92,30,17,156,179,parent,SO
94,34,18,156,179,parent,SO
97,42,19,156,179,parent,SO
99,47,20,156,179,parent,SO
103,58,21,156,179,parent,SO
107,68,22,156,179,parent,SO
112,79,23,156,179,parent,SO
116,86,24,156,179,parent,SO
120,>90,25,156,179,parent,SO
120,>90,26,156,179,parent,SO
120,>90,27,156,179,parent,SO
59,0.3,2,180,203,parent,SO
62,1,3,180,203,parent,SO
64,1,4,180,203,parent,SO
66,1,5,180,203,parent,SO
68,2,6,180,203,parent,SO
70,2,7,180,203,parent,SO
73,4,8,180,203,parent,SO
75,5,9,180,203,parent,SO
77,6,10,180,203,parent,SO
79,8,11,180,203,parent,SO
81,10,12,180,203,parent,SO
84,14,13,180,203,parent,SO
86,18,14,180,203,parent,SO
88,21,15,180,203,parent,SO
90,25,16,180,203,parent,SO
93,32,17,180,203,parent,SO
95,37,18,180,203,parent,SO
97,42,19,180,203,parent,SO
99,47,20,180,203,parent,SO
103,58,21,180,203,parent,SO
107,68,22,180,203,parent,SO
112,79,23,180,203,parent,SO
116,86,24,180,203,parent,SO
120,>90,25,180,203,parent,SO
120,>90,26,180,203,parent,SO
62,1,2,204,263,parent,SO
64,1,3,204,263,parent,SO
66,1,4,204,263,parent,SO
68,2,5,204,263,parent,SO
70,2,6,204,263,parent,SO
73,4,7,204,263,parent,SO
75,5,8,204,263,parent,SO
77,6,9,204,263,parent,SO
79,8,10,204,263,parent,SO
81,10,11,204,263,parent,SO
83,13,12,204,263,parent,SO
85,16,13,204,263,parent,SO
87,19,14,204,263,parent,SO
89,23,15,204,263,parent,SO
91,27,16,204,263,parent,SO
93,32,17,204,263,parent,SO
95,37,18,204,263,parent,SO
97,42,19,204,263,parent,SO
99,47,20,204,263,parent,SO
103,58,21,204,263,parent,SO
107,68,22,204,263,parent,SO
112,79,23,204,263,parent,SO
48,<0.1,6,60,71,parent,PR
49,<0.1,7,60,71,parent,PR
51,0.1,8,60,71,parent,PR
52,0.1,9,60,71,parent,PR
54,0.1,10,60,71,parent,PR
56,0.2,11,60,71,parent,PR
57,0.2,12,60,71,parent,PR
59,0.3,13,60,71,parent,PR
60,0.4,14,60,71,parent,PR
62,1,15,60,71,parent,PR
63,1,16,60,71,parent,PR
65,1,17,60,71,parent,PR
66,1,18,60,71,parent,PR
68,2,19,60,71,parent,PR
69,2,20,60,71,parent,PR
71,3,21,60,71,parent,PR
72,3,22,60,71,parent,PR
74,4,23,60,71,parent,PR
75,5,24,60,71,parent,PR
77,6,25,60,71,parent,PR
78,7,26,60,71,parent,PR
80,9,27,60,71,parent,PR
81,10,28,60,71,parent,PR
83,13,28,60,71,parent,PR
84,14,30,60,71,parent,PR
86,18,31,60,71,parent,PR
87,19,32,60,71,parent,PR
89,23,33,60,71,parent,PR
90,25,34,60,71,parent,PR
92,30,35,60,71,parent,PR
94,34,36,60,71,parent,PR
95,37,37,60,71,parent,PR
97,42,38,60,71,parent,PR
98,45,39,60,71,parent,PR
100,50,40,60,71,parent,PR
101,53,41,60,71,parent,PR
102,55,42,60,71,parent,PR
104,61,43,60,71,parent,PR
105,63,44,60,71,parent,PR
106,66,45,60,71,parent,PR
108,70,46,60,71,parent,PR
109,73,47,60,71,parent,PR
110,75,48,60,71,parent,PR
112,79,49,60,71,parent,PR
113,81,50,60,71,parent,PR
114,82,51,60,71,parent,PR
116,86,52,60,71,parent,PR
119,90,54,60,71,parent,PR
120,>90,55,60,71,parent,PR
120,>90,56,60,71,parent,PR
120,>90,57,60,71,parent,PR
120,>90,58,60,71,parent,PR
120,>90,59,60,71,parent,PR
120,>90,60,60,71,parent,PR
120,>90,61,60,71,parent,PR
120,>90,62,60,71,parent,PR
120,>90,63,60,71,parent,PR
120,>90,64,60,71,parent,PR
120,>90,65,60,71,parent,PR
120,>90,66,60,71,parent,PR
120,>90,67,60,71,parent,PR
120,>90,68,60,71,parent,PR
120,>90,69,60,71,parent,PR
120,>90,70,60,71,parent,PR
120,>90,71,60,71,parent,PR
120,>90,72,60,71,parent,PR
120,>90,73,60,71,parent,PR
120,>90,74,60,71,parent,PR
120,>90,75,60,71,parent,PR
120,>90,76,60,71,parent,PR
49,<0.1,6,72,83,parent,PR
50,<0.1,7,72,83,parent,PR
52,0.1,8,72,83,parent,PR
53,0.1,9,72,83,parent,PR
55,0.1,10,72,83,parent,PR
56,0.2,11,72,83,parent,PR
58,0.3,12,72,83,parent,PR
60,0.3,13,72,83,parent,PR
61,0.5,14,72,83,parent,PR
62,1,15,72,83,parent,PR
64,1,16,72,83,parent,PR
65,1,17,72,83,parent,PR
67,1,18,72,83,parent,PR
67,1,19,72,83,parent,PR
70,2,20,72,83,parent,PR
71,3,21,72,83,parent,PR
73,4,22,72,83,parent,PR
74,4,23,72,83,parent,PR
76,5,24,72,83,parent,PR
77,6,25,72,83,parent,PR
79,8,26,72,83,parent,PR
80,9,27,72,83,parent,PR
82,12,28,72,83,parent,PR
83,13,29,72,83,parent,PR
85,16,30,72,83,parent,PR
86,18,31,72,83,parent,PR
88,21,32,72,83,parent,PR
89,23,33,72,83,parent,PR
91,27,34,72,83,parent,PR
92,30,35,72,83,parent,PR
94,34,36,72,83,parent,PR
95,37,37,72,83,parent,PR
97,42,38,72,83,parent,PR
98,45,39,72,83,parent,PR
100,50,40,72,83,parent,PR
101,53,41,72,83,parent,PR
102,55,42,72,83,parent,PR
104,61,43,72,83,parent,PR
105,63,44,72,83,parent,PR
107,68,45,72,83,parent,PR
108,70,46,72,83,parent,PR
109,73,47,72,83,parent,PR
111,77,48,72,83,parent,PR
112,79,49,72,83,parent,PR
113,81,50,72,83,parent,PR
115,84,51,72,83,parent,PR
116,86,52,72,83,parent,PR
118,88,53,72,83,parent,PR
119,90,54,72,83,parent,PR
120,>90,55,72,83,parent,PR
120,>90,56,72,83,parent,PR
120,>90,57,72,83,parent,PR
120,>90,58,72,83,parent,PR
120,>90,59,72,83,parent,PR
120,>90,60,72,83,parent,PR
120,>90,61,72,83,parent,PR
120,>90,62,72,83,parent,PR
120,>90,63,72,83,parent,PR
120,>90,64,72,83,parent,PR
120,>90,65,72,83,parent,PR
120,>90,66,72,83,parent,PR
120,>90,67,72,83,parent,PR
120,>90,68,72,83,parent,PR
120,>90,69,72,83,parent,PR
120,>90,70,72,83,parent,PR
120,>90,71,72,83,parent,PR
120,>90,72,72,83,parent,PR
120,>90,73,72,83,parent,PR
49,<0.1,6,84,95,parent,PR
51,0.1,7,84,95,parent,PR
52,0.1,8,84,95,parent,PR
54,0.1,9,84,95,parent,PR
55,0.1,10,84,95,parent,PR
57,0.2,11,84,95,parent,PR
58,0.3,12,84,95,parent,PR
59,0.3,13,84,95,parent,PR
61,0.5,14,84,95,parent,PR
62,1,15,84,95,parent,PR
64,1,16,84,95,parent,PR
65,1,17,84,95,parent,PR
67,1,18,84,95,parent,PR
68,2,19,84,95,parent,PR
70,2,20,84,95,parent,PR
71,3,21,84,95,parent,PR
73,4,22,84,95,parent,PR
74,4,23,84,95,parent,PR
76,5,24,84,95,parent,PR
77,6,25,84,95,parent,PR
79,8,26,84,95,parent,PR
80,9,27,84,95,parent,PR
82,12,28,84,95,parent,PR
83,13,29,84,95,parent,PR
85,16,30,84,95,parent,PR
86,18,31,84,95,parent,PR
88,21,32,84,95,parent,PR
89,23,33,84,95,parent,PR
91,27,34,84,95,parent,PR
92,30,35,84,95,parent,PR
94,34,36,84,95,parent,PR
95,37,37,84,95,parent,PR
97,42,38,84,95,parent,PR
98,45,39,84,95,parent,PR
100,50,40,84,95,parent,PR
101,53,41,84,95,parent,PR
102,55,42,84,95,parent,PR
104,61,43,84,95,parent,PR
105,63,44,84,95,parent,PR
107,68,45,84,95,parent,PR
108,70,46,84,95,parent,PR
110,75,47,84,95,parent,PR
111,77,48,84,95,parent,PR
112,79,49,84,95,parent,PR
114,82,50,84,95,parent,PR
115,84,51,84,95,parent,PR
117,87,52,84,95,parent,PR
118,88,53,84,95,parent,PR
120,>90,54,84,95,parent,PR
120,>90,55,84,95,parent,PR
120,>90,56,84,95,parent,PR
120,>90,57,84,95,parent,PR
120,>90,58,84,95,parent,PR
120,>90,59,84,95,parent,PR
120,>90,60,84,95,parent,PR
120,>90,61,84,95,parent,PR
120,>90,62,84,95,parent,PR
120,>90,63,84,95,parent,PR
120,>90,64,84,95,parent,PR
120,>90,65,84,95,parent,PR
120,>90,66,84,95,parent,PR
120,>90,67,84,95,parent,PR
120,>90,68,84,95,parent,PR
120,>90,69,84,95,parent,PR
50,<0.1,6,96,107,parent,PR
51,0.1,7,96,107,parent,PR
53,0.1,8,96,107,parent,PR
54,0.1,9,96,107,parent,PR
55,0.1,10,96,107,parent,PR
57,0.2,11,96,107,parent,PR
58,0.3,12,96,107,parent,PR
60,0.4,13,96,107,parent,PR
61,0.5,14,96,107,parent,PR
63,1,15,96,107,parent,PR
64,1,16,96,107,parent,PR
66,1,17,96,107,parent,PR
67,1,18,96,107,parent,PR
69,2,19,96,107,parent,PR
70,2,20,96,107,parent,PR
72,3,21,96,107,parent,PR
73,4,22,96,107,parent,PR
74,4,23,96,107,parent,PR
76,5,24,96,107,parent,PR
77,6,25,96,107,parent,PR
79,8,26,96,107,parent,PR
80,9,27,96,107,parent,PR
82,12,28,96,107,parent,PR
83,13,29,96,107,parent,PR
85,16,30,96,107,parent,PR
86,18,31,96,107,parent,PR
88,21,32,96,107,parent,PR
89,23,33,96,107,parent,PR
91,27,34,96,107,parent,PR
92,30,35,96,107,parent,PR
94,34,36,96,107,parent,PR
95,37,37,96,107,parent,PR
96,39,38,96,107,parent,PR
98,45,39,96,107,parent,PR
99,47,40,96,107,parent,PR
101,53,41,96,107,parent,PR
102,55,42,96,107,parent,PR
104,61,43,96,107,parent,PR
105,63,44,96,107,parent,PR
107,68,45,96,107,parent,PR
108,70,46,96,107,parent,PR
110,75,47,96,107,parent,PR
111,77,48,96,107,parent,PR
113,81,49,96,107,parent,PR
114,82,50,96,107,parent,PR
116,86,51,96,107,parent,PR
117,87,52,96,107,parent,PR
119,90,53,96,107,parent,PR
120,>90,54,96,107,parent,PR
120,>90,55,96,107,parent,PR
120,>90,56,96,107,parent,PR
120,>90,57,96,107,parent,PR
120,>90,58,96,107,parent,PR
120,>90,59,96,107,parent,PR
120,>90,60,96,107,parent,PR
120,>90,61,96,107,parent,PR
120,>90,62,96,107,parent,PR
120,>90,63,96,107,parent,PR
120,>90,64,96,107,parent,PR
120,>90,65,96,107,parent,PR
120,>90,66,96,107,parent,PR
120,>90,67,96,107,parent,PR
120,>90,68,96,107,parent,PR
50,<0.1,6,108,119,parent,PR
51,0.1,7,108,119,parent,PR
53,0.1,8,108,119,parent,PR
54,0.1,9,108,119,parent,PR
56,0.2,10,108,119,parent,PR
57,0.2,11,108,119,parent,PR
59,0.3,12,108,119,parent,PR
60,0.4,13,108,119,parent,PR
62,1,14,108,119,parent,PR
63,1,15,108,119,parent,PR
64,1,16,108,119,parent,PR
66,1,17,108,119,parent,PR
67,1,18,108,119,parent,PR
69,2,19,108,119,parent,PR
70,2,20,108,119,parent,PR
72,3,21,108,119,parent,PR
73,4,22,108,119,parent,PR
75,5,23,108,119,parent,PR
76,5,24,108,119,parent,PR
77,6,25,108,119,parent,PR
79,8,26,108,119,parent,PR
80,9,27,108,119,parent,PR
82,12,28,108,119,parent,PR
83,13,29,108,119,parent,PR
85,16,30,108,119,parent,PR
86,18,31,108,119,parent,PR
88,21,32,108,119,parent,PR
89,23,33,108,119,parent,PR
90,25,34,108,119,parent,PR
92,30,35,108,119,parent,PR
93,32,36,108,119,parent,PR
95,37,37,108,119,parent,PR
96,39,38,108,119,parent,PR
98,45,39,108,119,parent,PR
99,47,40,108,119,parent,PR
101,53,41,108,119,parent,PR
102,55,42,108,119,parent,PR
104,61,43,108,119,parent,PR
105,63,44,108,119,parent,PR
107,68,45,108,119,parent,PR
108,70,46,108,119,parent,PR
110,75,47,108,119,parent,PR
111,77,48,108,119,parent,PR
113,81,49,108,119,parent,PR
115,84,50,108,119,parent,PR
116,86,51,108,119,parent,PR
118,88,52,108,119,parent,PR
119,90,53,108,119,parent,PR
120,>90,54,108,119,parent,PR
120,>90,55,108,119,parent,PR
120,>90,56,108,119,parent,PR
120,>90,57,108,119,parent,PR
120,>90,58,108,119,parent,PR
120,>90,59,108,119,parent,PR
120,>90,60,108,119,parent,PR
120,>90,61,108,119,parent,PR
120,>90,62,108,119,parent,PR
120,>90,63,108,119,parent,PR
120,>90,64,108,119,parent,PR
120,>90,65,108,119,parent,PR
120,>90,66,108,119,parent,PR
120,>90,67,108,119,parent,PR
49,<0.1,5,120,131,parent,PR
50,<0.1,6,120,131,parent,PR
52,0.1,7,120,131,parent,PR
53,0.1,8,120,131,parent,PR
55,0.1,9,120,131,parent,PR
56,0.2,10,120,131,parent,PR
57,0.2,11,120,131,parent,PR
59,0.3,12,120,131,parent,PR
60,0.4,13,120,131,parent,PR
62,1,14,120,131,parent,PR
63,1,15,120,131,parent,PR
65,1,16,120,131,parent,PR
66,1,17,120,131,parent,PR
67,1,18,120,131,parent,PR
69,2,19,120,131,parent,PR
70,2,20,120,131,parent,PR
72,3,21,120,131,parent,PR
73,4,22,120,131,parent,PR
75,5,23,120,131,parent,PR
76,5,24,120,131,parent,PR
77,6,25,120,131,parent,PR
79,8,26,120,131,parent,PR
80,9,27,120,131,parent,PR
82,12,28,120,131,parent,PR
83,13,29,120,131,parent,PR
85,16,30,120,131,parent,PR
86,18,31,120,131,parent,PR
87,19,32,120,131,parent,PR
89,23,33,120,131,parent,PR
90,25,34,120,131,parent,PR
92,30,35,120,131,parent,PR
93,32,36,120,131,parent,PR
94,34,37,120,131,parent,PR
96,39,38,120,131,parent,PR
97,42,39,120,131,parent,PR
99,47,40,120,131,parent,PR
100,50,41,120,131,parent,PR
102,55,42,120,131,parent,PR
103,58,43,120,131,parent,PR
105,63,44,120,131,parent,PR
107,68,45,120,131,parent,PR
108,70,46,120,131,parent,PR
110,75,47,120,131,parent,PR
112,79,48,120,131,parent,PR
113,81,49,120,131,parent,PR
115,84,50,120,131,parent,PR
117,87,51,120,131,parent,PR
118,88,52,120,131,parent,PR
120,>90,53,120,131,parent,PR
120,>90,54,120,131,parent,PR
120,>90,55,120,131,parent,PR
120,>90,56,120,131,parent,PR
120,>90,57,120,131,parent,PR
120,>90,58,120,131,parent,PR
120,>90,59,120,131,parent,PR
120,>90,60,120,131,parent,PR
120,>90,61,120,131,parent,PR
120,>90,62,120,131,parent,PR
120,>90,63,120,131,parent,PR
120,>90,64,120,131,parent,PR
120,>90,65,120,131,parent,PR
120,>90,66,120,131,parent,PR
48,<0.1,4,132,143,parent,PR
49,<0.1,5,132,143,parent,PR
51,0.1,6,132,143,parent,PR
52,0.1,7,132,143,parent,PR
53,0.1,8,132,143,parent,PR
55,0.1,9,132,143,parent,PR
56,0.2,10,132,143,parent,PR
58,0.3,11,132,143,parent,PR
59,0.3,12,132,143,parent,PR
60,0.4,13,132,143,parent,PR
62,1,14,132,143,parent,PR
63,1,15,132,143,parent,PR
65,1,16,132,143,parent,PR
66,1,17,132,143,parent,PR
67,1,18,132,143,parent,PR
69,2,19,132,143,parent,PR
70,2,20,132,143,parent,PR
72,3,21,132,143,parent,PR
73,4,22,132,143,parent,PR
74,4,23,132,143,parent,PR
76,5,24,132,143,parent,PR
77,6,25,132,143,parent,PR
79,8,26,132,143,parent,PR
80,9,27,132,143,parent,PR
81,10,28,132,143,parent,PR
83,13,29,132,143,parent,PR
84,14,30,132,143,parent,PR
86,18,31,132,143,parent,PR
87,19,32,132,143,parent,PR
89,23,33,132,143,parent,PR
90,25,34,132,143,parent,PR
91,27,35,132,143,parent,PR
93,32,36,132,143,parent,PR
94,34,37,132,143,parent,PR
96,39,38,132,143,parent,PR
97,42,39,132,143,parent,PR
98,45,40,132,143,parent,PR
100,50,41,132,143,parent,PR
101,53,42,132,143,parent,PR
103,58,43,132,143,parent,PR
105,63,44,132,143,parent,PR
107,68,45,132,143,parent,PR
108,70,46,132,143,parent,PR
110,75,47,132,143,parent,PR
112,79,48,132,143,parent,PR
114,82,49,132,143,parent,PR
115,84,50,132,143,parent,PR
117,87,51,132,143,parent,PR
119,89,52,132,143,parent,PR
120,>90,53,132,143,parent,PR
120,>90,54,132,143,parent,PR
120,>90,55,132,143,parent,PR
120,>90,56,132,143,parent,PR
120,>90,57,132,143,parent,PR
120,>90,58,132,143,parent,PR
120,>90,59,132,143,parent,PR
120,>90,60,132,143,parent,PR
120,>90,61,132,143,parent,PR
120,>90,62,132,143,parent,PR
120,>90,63,132,143,parent,PR
120,>90,64,132,143,parent,PR
120,>90,65,132,143,parent,PR
48,<0.1,4,144,155,parent,PR
49,<0.1,5,144,155,parent,PR
51,0.1,6,144,155,parent,PR
52,0.1,7,144,155,parent,PR
54,0.1,8,144,155,parent,PR
55,0.1,9,144,155,parent,PR
56,0.2,10,144,155,parent,PR
58,0.3,11,144,155,parent,PR
59,0.3,12,144,155,parent,PR
61,0.5,13,144,155,parent,PR
62,1,14,144,155,parent,PR
63,1,15,144,155,parent,PR
65,1,16,144,155,parent,PR
66,1,17,144,155,parent,PR
67,1,18,144,155,parent,PR
69,2,19,144,155,parent,PR
70,2,20,144,155,parent,PR
72,3,21,144,155,parent,PR
73,4,22,144,155,parent,PR
74,4,23,144,155,parent,PR
76,5,24,144,155,parent,PR
77,6,25,144,155,parent,PR
78,7,26,144,155,parent,PR
80,9,27,144,155,parent,PR
81,10,28,144,155,parent,PR
83,13,29,144,155,parent,PR
84,14,30,144,155,parent,PR
85,16,31,144,155,parent,PR
87,19,32,144,155,parent,PR
88,21,33,144,155,parent,PR
89,23,34,144,155,parent,PR
91,27,35,144,155,parent,PR
92,30,36,144,155,parent,PR
94,34,37,144,155,parent,PR
95,37,38,144,155,parent,PR
96,39,39,144,155,parent,PR
98,45,40,144,155,parent,PR
99,47,41,144,155,parent,PR
101,53,42,144,155,parent,PR
103,58,43,144,155,parent,PR
104,61,44,144,155,parent,PR
106,66,45,144,155,parent,PR
108,70,46,144,155,parent,PR
110,75,47,144,155,parent,PR
112,79,48,144,155,parent,PR
114,82,49,144,155,parent,PR
116,86,50,144,155,parent,PR
118,88,51,144,155,parent,PR
120,>90,52,144,155,parent,PR
120,>90,53,144,155,parent,PR
120,>90,54,144,155,parent,PR
120,>90,55,144,155,parent,PR
120,>90,56,144,155,parent,PR
120,>90,57,144,155,parent,PR
120,>90,58,144,155,parent,PR
120,>90,59,144,155,parent,PR
120,>90,60,144,155,parent,PR
120,>90,61,144,155,parent,PR
120,>90,62,144,155,parent,PR
120,>90,63,144,155,parent,PR
120,>90,64,144,155,parent,PR
48,<0.1,4,156,179,parent,PR
50,<0.1,5,156,179,parent,PR
51,0.1,6,156,179,parent,PR
52,0.1,7,156,179,parent,PR
54,0.1,8,156,179,parent,PR
55,0.1,9,156,179,parent,PR
56,0.2,10,156,179,parent,PR
58,0.3,11,156,179,parent,PR
59,0.3,12,156,179,parent,PR
61,0.5,13,156,179,parent,PR
62,1,14,156,179,parent,PR
63,1,15,156,179,parent,PR
65,1,16,156,179,parent,PR
66,1,17,156,179,parent,PR
67,1,18,156,179,parent,PR
69,2,19,156,179,parent,PR
70,2,20,156,179,parent,PR
71,3,21,156,179,parent,PR
73,4,22,156,179,parent,PR
74,4,23,156,179,parent,PR
75,5,24,156,179,parent,PR
77,6,25,156,179,parent,PR
78,7,26,156,179,parent,PR
80,9,27,156,179,parent,PR
81,10,28,156,179,parent,PR
82,12,29,156,179,parent,PR
84,14,30,156,179,parent,PR
85,16,31,156,179,parent,PR
86,18,32,156,179,parent,PR
88,21,33,156,179,parent,PR
89,23,34,156,179,parent,PR
90,25,35,156,179,parent,PR
92,30,36,156,179,parent,PR
93,32,37,156,179,parent,PR
94,34,38,156,179,parent,PR
96,39,39,156,179,parent,PR
97,42,40,156,179,parent,PR
99,47,41,156,179,parent,PR
100,50,42,156,179,parent,PR
102,55,43,156,179,parent,PR
104,61,44,156,179,parent,PR
106,66,45,156,179,parent,PR
108,70,46,156,179,parent,PR
110,75,47,156,179,parent,PR
112,79,48,156,179,parent,PR
114,82,49,156,179,parent,PR
116,86,50,156,179,parent,PR
118,88,51,156,179,parent,PR
120,>90,52,156,179,parent,PR
120,>90,53,156,179,parent,PR
120,>90,54,156,179,parent,PR
120,>90,55,156,179,parent,PR
120,>90,56,156,179,parent,PR
120,>90,57,156,179,parent,PR
120,>90,58,156,179,parent,PR
120,>90,59,156,179,parent,PR
120,>90,60,156,179,parent,PR
48,<0.1,4,180,203,parent,PR
50,<0.1,5,180,203,parent,PR
51,0.1,6,180,203,parent,PR
52,0.1,7,180,203,parent,PR
54,0.1,8,180,203,parent,PR
55,0.1,9,180,203,parent,PR
56,0.2,10,180,203,parent,PR
58,0.3,11,180,203,parent,PR
59,0.3,12,180,203,parent,PR
60,0.4,13,180,203,parent,PR
62,1,14,180,203,parent,PR
63,1,15,180,203,parent,PR
64,1,16,180,203,parent,PR
66,1,17,180,203,parent,PR
67,1,18,180,203,parent,PR
68,2,19,180,203,parent,PR
70,2,20,180,203,parent,PR
71,3,21,180,203,parent,PR
72,3,22,180,203,parent,PR
74,4,23,180,203,parent,PR
75,5,24,180,203,parent,PR
76,5,25,180,203,parent,PR
78,7,26,180,203,parent,PR
79,8,27,180,203,parent,PR
80,9,28,180,203,parent,PR
82,12,29,180,203,parent,PR
83,13,30,180,203,parent,PR
84,14,31,180,203,parent,PR
86,18,32,180,203,parent,PR
87,19,33,180,203,parent,PR
88,21,34,180,203,parent,PR
90,25,35,180,203,parent,PR
91,27,36,180,203,parent,PR
92,30,37,180,203,parent,PR
94,34,38,180,203,parent,PR
95,37,39,180,203,parent,PR
96,39,40,180,203,parent,PR
98,45,41,180,203,parent,PR
99,47,42,180,203,parent,PR
101,53,43,180,203,parent,PR
103,58,44,180,203,parent,PR
105,63,45,180,203,parent,PR
108,70,46,180,203,parent,PR
110,75,47,180,203,parent,PR
112,79,48,180,203,parent,PR
115,84,49,180,203,parent,PR
117,87,50,180,203,parent,PR
119,89,51,180,203,parent,PR
120,>90,52,180,203,parent,PR
120,>90,53,180,203,parent,PR
120,>90,54,180,203,parent,PR
120,>90,55,180,203,parent,PR
120,>90,56,180,203,parent,PR
49,<0.1,4,204,263,parent,PR
50,<0.1,5,204,263,parent,PR
51,0.1,6,204,263,parent,PR
53,0.1,7,204,263,parent,PR
53,0.1,7,204,263,parent,PR
54,0.1,8,204,263,parent,PR
54,0.1,8,204,263,parent,PR
55,0.1,9,204,263,parent,PR
56,0.2,10,204,263,parent,PR
56,0.2,10,204,263,parent,PR
58,0.3,11,204,263,parent,PR
58,0.3,11,204,263,parent,PR
59,0.3,12,204,263,parent,PR
60,0.4,13,204,263,parent,PR
60,0.4,13,204,263,parent,PR
62,1,14,204,263,parent,PR
62,1,14,204,263,parent,PR
63,1,15,204,263,parent,PR
64,1,16,204,263,parent,PR
64,1,16,204,263,parent,PR
66,1,17,204,263,parent,PR
67,1,18,204,263,parent,PR
67,1,18,204,263,parent,PR
68,2,19,204,263,parent,PR
68,2,19,204,263,parent,PR
70,2,20,204,263,parent,PR
71,3,21,204,263,parent,PR
71,3,21,204,263,parent,PR
72,3,22,204,263,parent,PR
72,3,22,204,263,parent,PR
73,4,23,204,263,parent,PR
75,5,24,204,263,parent,PR
76,5,25,204,263,parent,PR
77,6,26,204,263,parent,PR
79,8,27,204,263,parent,PR
80,9,28,204,263,parent,PR
81,10,29,204,263,parent,PR
83,13,30,204,263,parent,PR
84,14,31,204,263,parent,PR
85,16,32,204,263,parent,PR
87,19,33,204,263,parent,PR
88,21,34,204,263,parent,PR
89,23,35,204,263,parent,PR
91,27,36,204,263,parent,PR
92,30,37,204,263,parent,PR
93,32,38,204,263,parent,PR
94,34,39,204,263,parent,PR
96,39,40,204,263,parent,PR
97,42,41,204,263,parent,PR
98,45,42,204,263,parent,PR
100,50,43,204,263,parent,PR
102,55,44,204,263,parent,PR
105,63,45,204,263,parent,PR
107,68,46,204,263,parent,PR
110,75,47,204,263,parent,PR
112,79,48,204,263,parent,PR
115,84,49,204,263,parent,PR
118,88,50,204,263,parent,PR
