scaled_score,raw_score,min_age,max_age,sub_domain,for
7,0,0,0,ls,parent
8,1,0,0,ls,parent
10,2,0,0,ls,parent
10,3,0,0,ls,parent
11,4,0,0,ls,parent
11,5,0,0,ls,parent
11,6,0,0,ls,parent
11,7,0,0,ls,parent
12,8,0,0,ls,parent
12,9,0,0,ls,parent
12,10,0,0,ls,parent
12,11,0,0,ls,parent
13,12,0,0,ls,parent
13,13,0,0,ls,parent
13,14,0,0,ls,parent
14,15,0,0,ls,parent
14,16,0,0,ls,parent
14,17,0,0,ls,parent
14,18,0,0,ls,parent
15,19,0,0,ls,parent
15,20,0,0,ls,parent
15,21,0,0,ls,parent
16,22,0,0,ls,parent
16,23,0,0,ls,parent
16,24,0,0,ls,parent
16,25,0,0,ls,parent
17,26,0,0,ls,parent
17,27,0,0,ls,parent
17,28,0,0,ls,parent
17,29,0,0,ls,parent
18,30,0,0,ls,parent
18,31,0,0,ls,parent
18,32,0,0,ls,parent
19,33,0,0,ls,parent
19,34,0,0,ls,parent
19,35,0,0,ls,parent
19,36,0,0,ls,parent
19,37,0,0,ls,parent
19,38,0,0,ls,parent
19,39,0,0,ls,parent
19,40,0,0,ls,parent
19,41,0,0,ls,parent
19,42,0,0,ls,parent
19,43,0,0,ls,parent
19,44,0,0,ls,parent
19,45,0,0,ls,parent
19,46,0,0,ls,parent
19,47,0,0,ls,parent
19,48,0,0,ls,parent
19,49,0,0,ls,parent
19,50,0,0,ls,parent
19,51,0,0,ls,parent
19,52,0,0,ls,parent
19,53,0,0,ls,parent
19,54,0,0,ls,parent
19,55,0,0,ls,parent
19,56,0,0,ls,parent
19,57,0,0,ls,parent
19,58,0,0,ls,parent
19,59,0,0,ls,parent
19,60,0,0,ls,parent
19,61,0,0,ls,parent
19,62,0,0,ls,parent
19,63,0,0,ls,parent
19,64,0,0,ls,parent
19,65,0,0,ls,parent
19,66,0,0,ls,parent
19,67,0,0,ls,parent
19,68,0,0,ls,parent
19,69,0,0,ls,parent
19,70,0,0,ls,parent
19,71,0,0,ls,parent
19,72,0,0,ls,parent
6,0,1,1,ls,parent
7,1,1,1,ls,parent
9,2,1,1,ls,parent
10,3,1,1,ls,parent
10,4,1,1,ls,parent
11,5,1,1,ls,parent
11,6,1,1,ls,parent
11,7,1,1,ls,parent
11,8,1,1,ls,parent
12,9,1,1,ls,parent
12,10,1,1,ls,parent
12,11,1,1,ls,parent
13,12,1,1,ls,parent
13,13,1,1,ls,parent
13,14,1,1,ls,parent
13,15,1,1,ls,parent
14,16,1,1,ls,parent
14,17,1,1,ls,parent
14,18,1,1,ls,parent
15,19,1,1,ls,parent
15,20,1,1,ls,parent
15,21,1,1,ls,parent
15,22,1,1,ls,parent
16,23,1,1,ls,parent
16,24,1,1,ls,parent
16,25,1,1,ls,parent
17,26,1,1,ls,parent
17,27,1,1,ls,parent
17,28,1,1,ls,parent
17,29,1,1,ls,parent
18,30,1,1,ls,parent
18,31,1,1,ls,parent
18,32,1,1,ls,parent
19,33,1,1,ls,parent
19,34,1,1,ls,parent
19,35,1,1,ls,parent
19,36,1,1,ls,parent
19,37,1,1,ls,parent
19,38,1,1,ls,parent
19,39,1,1,ls,parent
19,40,1,1,ls,parent
19,41,1,1,ls,parent
19,42,1,1,ls,parent
19,43,1,1,ls,parent
19,44,1,1,ls,parent
19,45,1,1,ls,parent
19,46,1,1,ls,parent
19,47,1,1,ls,parent
19,48,1,1,ls,parent
19,49,1,1,ls,parent
19,50,1,1,ls,parent
19,51,1,1,ls,parent
19,52,1,1,ls,parent
19,53,1,1,ls,parent
19,54,1,1,ls,parent
19,55,1,1,ls,parent
19,56,1,1,ls,parent
19,57,1,1,ls,parent
19,58,1,1,ls,parent
19,59,1,1,ls,parent
19,60,1,1,ls,parent
19,61,1,1,ls,parent
19,62,1,1,ls,parent
19,63,1,1,ls,parent
19,64,1,1,ls,parent
19,65,1,1,ls,parent
19,66,1,1,ls,parent
19,67,1,1,ls,parent
19,68,1,1,ls,parent
19,69,1,1,ls,parent
19,70,1,1,ls,parent
19,71,1,1,ls,parent
19,72,1,1,ls,parent
6,0,2,2,ls,parent
7,1,2,2,ls,parent
8,2,2,2,ls,parent
9,3,2,2,ls,parent
10,4,2,2,ls,parent
10,5,2,2,ls,parent
11,6,2,2,ls,parent
11,7,2,2,ls,parent
11,8,2,2,ls,parent
12,9,2,2,ls,parent
12,10,2,2,ls,parent
12,11,2,2,ls,parent
12,12,2,2,ls,parent
13,13,2,2,ls,parent
13,14,2,2,ls,parent
13,15,2,2,ls,parent
14,16,2,2,ls,parent
14,17,2,2,ls,parent
14,18,2,2,ls,parent
14,19,2,2,ls,parent
15,20,2,2,ls,parent
15,21,2,2,ls,parent
15,22,2,2,ls,parent
16,23,2,2,ls,parent
16,24,2,2,ls,parent
16,25,2,2,ls,parent
16,26,2,2,ls,parent
17,27,2,2,ls,parent
17,28,2,2,ls,parent
17,29,2,2,ls,parent
18,30,2,2,ls,parent
18,31,2,2,ls,parent
18,32,2,2,ls,parent
18,33,2,2,ls,parent
19,34,2,2,ls,parent
19,35,2,2,ls,parent
19,36,2,2,ls,parent
19,37,2,2,ls,parent
19,38,2,2,ls,parent
19,39,2,2,ls,parent
19,40,2,2,ls,parent
19,41,2,2,ls,parent
19,42,2,2,ls,parent
19,43,2,2,ls,parent
19,44,2,2,ls,parent
19,45,2,2,ls,parent
19,46,2,2,ls,parent
19,47,2,2,ls,parent
19,48,2,2,ls,parent
19,49,2,2,ls,parent
19,50,2,2,ls,parent
19,51,2,2,ls,parent
19,52,2,2,ls,parent
19,53,2,2,ls,parent
19,54,2,2,ls,parent
19,55,2,2,ls,parent
19,56,2,2,ls,parent
19,57,2,2,ls,parent
19,58,2,2,ls,parent
19,59,2,2,ls,parent
19,60,2,2,ls,parent
19,61,2,2,ls,parent
19,62,2,2,ls,parent
19,63,2,2,ls,parent
19,64,2,2,ls,parent
19,65,2,2,ls,parent
19,66,2,2,ls,parent
19,67,2,2,ls,parent
19,68,2,2,ls,parent
19,69,2,2,ls,parent
19,70,2,2,ls,parent
19,71,2,2,ls,parent
19,72,2,2,ls,parent
5,0,3,3,ls,parent
6,1,3,3,ls,parent
7,2,3,3,ls,parent
8,3,3,3,ls,parent
9,4,3,3,ls,parent
9,5,3,3,ls,parent
10,6,3,3,ls,parent
10,7,3,3,ls,parent
11,8,3,3,ls,parent
11,9,3,3,ls,parent
11,10,3,3,ls,parent
12,11,3,3,ls,parent
12,12,3,3,ls,parent
12,13,3,3,ls,parent
12,14,3,3,ls,parent
13,15,3,3,ls,parent
13,16,3,3,ls,parent
13,17,3,3,ls,parent
14,18,3,3,ls,parent
14,19,3,3,ls,parent
14,20,3,3,ls,parent
15,21,3,3,ls,parent
15,22,3,3,ls,parent
15,23,3,3,ls,parent
15,24,3,3,ls,parent
16,25,3,3,ls,parent
16,26,3,3,ls,parent
16,27,3,3,ls,parent
17,28,3,3,ls,parent
17,29,3,3,ls,parent
17,30,3,3,ls,parent
18,31,3,3,ls,parent
18,32,3,3,ls,parent
18,33,3,3,ls,parent
18,34,3,3,ls,parent
19,35,3,3,ls,parent
19,36,3,3,ls,parent
19,37,3,3,ls,parent
19,38,3,3,ls,parent
19,39,3,3,ls,parent
19,40,3,3,ls,parent
19,41,3,3,ls,parent
19,42,3,3,ls,parent
19,43,3,3,ls,parent
19,44,3,3,ls,parent
19,45,3,3,ls,parent
19,46,3,3,ls,parent
19,47,3,3,ls,parent
19,48,3,3,ls,parent
19,49,3,3,ls,parent
19,50,3,3,ls,parent
19,51,3,3,ls,parent
19,52,3,3,ls,parent
19,53,3,3,ls,parent
19,54,3,3,ls,parent
19,55,3,3,ls,parent
19,56,3,3,ls,parent
19,57,3,3,ls,parent
19,58,3,3,ls,parent
19,59,3,3,ls,parent
19,60,3,3,ls,parent
19,61,3,3,ls,parent
19,62,3,3,ls,parent
19,63,3,3,ls,parent
19,64,3,3,ls,parent
19,65,3,3,ls,parent
19,66,3,3,ls,parent
19,67,3,3,ls,parent
19,68,3,3,ls,parent
19,69,3,3,ls,parent
19,70,3,3,ls,parent
19,71,3,3,ls,parent
19,72,3,3,ls,parent
5,0,4,4,ls,parent
5,1,4,4,ls,parent
6,2,4,4,ls,parent
7,3,4,4,ls,parent
7,4,4,4,ls,parent
8,5,4,4,ls,parent
9,6,4,4,ls,parent
9,7,4,4,ls,parent
10,8,4,4,ls,parent
10,9,4,4,ls,parent
11,10,4,4,ls,parent
11,11,4,4,ls,parent
11,12,4,4,ls,parent
12,13,4,4,ls,parent
12,14,4,4,ls,parent
12,15,4,4,ls,parent
12,16,4,4,ls,parent
13,17,4,4,ls,parent
13,18,4,4,ls,parent
13,19,4,4,ls,parent
14,20,4,4,ls,parent
14,21,4,4,ls,parent
14,22,4,4,ls,parent
15,23,4,4,ls,parent
15,24,4,4,ls,parent
15,25,4,4,ls,parent
16,26,4,4,ls,parent
16,27,4,4,ls,parent
16,28,4,4,ls,parent
16,29,4,4,ls,parent
17,30,4,4,ls,parent
17,31,4,4,ls,parent
17,32,4,4,ls,parent
18,33,4,4,ls,parent
18,34,4,4,ls,parent
18,35,4,4,ls,parent
19,36,4,4,ls,parent
19,37,4,4,ls,parent
19,38,4,4,ls,parent
19,39,4,4,ls,parent
19,40,4,4,ls,parent
19,41,4,4,ls,parent
19,42,4,4,ls,parent
19,43,4,4,ls,parent
19,44,4,4,ls,parent
19,45,4,4,ls,parent
19,46,4,4,ls,parent
19,47,4,4,ls,parent
19,48,4,4,ls,parent
19,49,4,4,ls,parent
19,50,4,4,ls,parent
19,51,4,4,ls,parent
19,52,4,4,ls,parent
19,53,4,4,ls,parent
19,54,4,4,ls,parent
19,55,4,4,ls,parent
19,56,4,4,ls,parent
19,57,4,4,ls,parent
19,58,4,4,ls,parent
19,59,4,4,ls,parent
19,60,4,4,ls,parent
19,61,4,4,ls,parent
19,62,4,4,ls,parent
19,63,4,4,ls,parent
19,64,4,4,ls,parent
19,65,4,4,ls,parent
19,66,4,4,ls,parent
19,67,4,4,ls,parent
19,68,4,4,ls,parent
19,69,4,4,ls,parent
19,70,4,4,ls,parent
19,71,4,4,ls,parent
19,72,4,4,ls,parent
4,0,5,5,ls,parent
5,1,5,5,ls,parent
6,2,5,5,ls,parent
6,3,5,5,ls,parent
7,4,5,5,ls,parent
7,5,5,5,ls,parent
8,6,5,5,ls,parent
8,7,5,5,ls,parent
9,8,5,5,ls,parent
9,9,5,5,ls,parent
10,10,5,5,ls,parent
10,11,5,5,ls,parent
11,12,5,5,ls,parent
11,13,5,5,ls,parent
11,14,5,5,ls,parent
11,15,5,5,ls,parent
12,16,5,5,ls,parent
12,17,5,5,ls,parent
12,18,5,5,ls,parent
13,19,5,5,ls,parent
13,20,5,5,ls,parent
13,21,5,5,ls,parent
14,22,5,5,ls,parent
14,23,5,5,ls,parent
14,24,5,5,ls,parent
15,25,5,5,ls,parent
15,26,5,5,ls,parent
15,27,5,5,ls,parent
16,28,5,5,ls,parent
16,29,5,5,ls,parent
16,30,5,5,ls,parent
16,31,5,5,ls,parent
17,32,5,5,ls,parent
17,33,5,5,ls,parent
17,34,5,5,ls,parent
18,35,5,5,ls,parent
18,36,5,5,ls,parent
18,37,5,5,ls,parent
19,38,5,5,ls,parent
19,39,5,5,ls,parent
19,40,5,5,ls,parent
19,41,5,5,ls,parent
19,42,5,5,ls,parent
19,43,5,5,ls,parent
19,44,5,5,ls,parent
19,45,5,5,ls,parent
19,46,5,5,ls,parent
19,47,5,5,ls,parent
19,48,5,5,ls,parent
19,49,5,5,ls,parent
19,50,5,5,ls,parent
19,51,5,5,ls,parent
19,52,5,5,ls,parent
19,53,5,5,ls,parent
19,54,5,5,ls,parent
19,55,5,5,ls,parent
19,56,5,5,ls,parent
19,57,5,5,ls,parent
19,58,5,5,ls,parent
19,59,5,5,ls,parent
19,60,5,5,ls,parent
19,61,5,5,ls,parent
19,62,5,5,ls,parent
19,63,5,5,ls,parent
19,64,5,5,ls,parent
19,65,5,5,ls,parent
19,66,5,5,ls,parent
19,67,5,5,ls,parent
19,68,5,5,ls,parent
19,69,5,5,ls,parent
19,70,5,5,ls,parent
19,71,5,5,ls,parent
19,72,5,5,ls,parent
4,0,6,6,ls,parent
5,1,6,6,ls,parent
5,2,6,6,ls,parent
6,3,6,6,ls,parent
6,4,6,6,ls,parent
6,5,6,6,ls,parent
7,6,6,6,ls,parent
7,7,6,6,ls,parent
8,8,6,6,ls,parent
8,9,6,6,ls,parent
9,10,6,6,ls,parent
9,11,6,6,ls,parent
10,12,6,6,ls,parent
10,13,6,6,ls,parent
10,14,6,6,ls,parent
11,15,6,6,ls,parent
11,16,6,6,ls,parent
11,17,6,6,ls,parent
12,18,6,6,ls,parent
12,19,6,6,ls,parent
12,20,6,6,ls,parent
13,21,6,6,ls,parent
13,22,6,6,ls,parent
13,23,6,6,ls,parent
14,24,6,6,ls,parent
14,25,6,6,ls,parent
14,26,6,6,ls,parent
15,27,6,6,ls,parent
15,28,6,6,ls,parent
15,29,6,6,ls,parent
16,30,6,6,ls,parent
16,31,6,6,ls,parent
16,32,6,6,ls,parent
16,33,6,6,ls,parent
17,34,6,6,ls,parent
17,35,6,6,ls,parent
17,36,6,6,ls,parent
18,37,6,6,ls,parent
18,38,6,6,ls,parent
18,39,6,6,ls,parent
19,40,6,6,ls,parent
19,41,6,6,ls,parent
19,42,6,6,ls,parent
19,43,6,6,ls,parent
19,44,6,6,ls,parent
19,45,6,6,ls,parent
19,46,6,6,ls,parent
19,47,6,6,ls,parent
19,48,6,6,ls,parent
19,49,6,6,ls,parent
19,50,6,6,ls,parent
19,51,6,6,ls,parent
19,52,6,6,ls,parent
19,53,6,6,ls,parent
19,54,6,6,ls,parent
19,55,6,6,ls,parent
19,56,6,6,ls,parent
19,57,6,6,ls,parent
19,58,6,6,ls,parent
19,59,6,6,ls,parent
19,60,6,6,ls,parent
19,61,6,6,ls,parent
19,62,6,6,ls,parent
19,63,6,6,ls,parent
19,64,6,6,ls,parent
19,65,6,6,ls,parent
19,66,6,6,ls,parent
19,67,6,6,ls,parent
19,68,6,6,ls,parent
19,69,6,6,ls,parent
19,70,6,6,ls,parent
19,71,6,6,ls,parent
19,72,6,6,ls,parent
4,0,7,7,ls,parent
4,1,7,7,ls,parent
5,2,7,7,ls,parent
5,3,7,7,ls,parent
6,4,7,7,ls,parent
6,5,7,7,ls,parent
6,6,7,7,ls,parent
7,7,7,7,ls,parent
7,8,7,7,ls,parent
7,9,7,7,ls,parent
8,10,7,7,ls,parent
8,11,7,7,ls,parent
9,12,7,7,ls,parent
9,13,7,7,ls,parent
9,14,7,7,ls,parent
10,15,7,7,ls,parent
10,16,7,7,ls,parent
11,17,7,7,ls,parent
11,18,7,7,ls,parent
11,19,7,7,ls,parent
12,20,7,7,ls,parent
12,21,7,7,ls,parent
12,22,7,7,ls,parent
12,23,7,7,ls,parent
13,24,7,7,ls,parent
13,25,7,7,ls,parent
13,26,7,7,ls,parent
14,27,7,7,ls,parent
14,28,7,7,ls,parent
14,29,7,7,ls,parent
15,30,7,7,ls,parent
15,31,7,7,ls,parent
15,32,7,7,ls,parent
16,33,7,7,ls,parent
16,34,7,7,ls,parent
16,35,7,7,ls,parent
17,36,7,7,ls,parent
17,37,7,7,ls,parent
17,38,7,7,ls,parent
18,39,7,7,ls,parent
18,40,7,7,ls,parent
18,41,7,7,ls,parent
19,42,7,7,ls,parent
19,43,7,7,ls,parent
19,44,7,7,ls,parent
19,45,7,7,ls,parent
19,46,7,7,ls,parent
19,47,7,7,ls,parent
19,48,7,7,ls,parent
19,49,7,7,ls,parent
19,50,7,7,ls,parent
19,51,7,7,ls,parent
19,52,7,7,ls,parent
19,53,7,7,ls,parent
19,54,7,7,ls,parent
19,55,7,7,ls,parent
19,56,7,7,ls,parent
19,57,7,7,ls,parent
19,58,7,7,ls,parent
19,59,7,7,ls,parent
19,60,7,7,ls,parent
19,61,7,7,ls,parent
19,62,7,7,ls,parent
19,63,7,7,ls,parent
19,64,7,7,ls,parent
19,65,7,7,ls,parent
19,66,7,7,ls,parent
19,67,7,7,ls,parent
19,68,7,7,ls,parent
19,69,7,7,ls,parent
19,70,7,7,ls,parent
19,71,7,7,ls,parent
19,72,7,7,ls,parent
3,0,8,8,ls,parent
3,1,8,8,ls,parent
4,2,8,8,ls,parent
4,3,8,8,ls,parent
5,4,8,8,ls,parent
5,5,8,8,ls,parent
5,6,8,8,ls,parent
6,7,8,8,ls,parent
6,8,8,8,ls,parent
6,9,8,8,ls,parent
7,10,8,8,ls,parent
7,11,8,8,ls,parent
8,12,8,8,ls,parent
8,13,8,8,ls,parent
8,14,8,8,ls,parent
9,15,8,8,ls,parent
9,16,8,8,ls,parent
10,17,8,8,ls,parent
10,18,8,8,ls,parent
10,19,8,8,ls,parent
11,20,8,8,ls,parent
11,21,8,8,ls,parent
11,22,8,8,ls,parent
12,23,8,8,ls,parent
12,24,8,8,ls,parent
12,25,8,8,ls,parent
13,26,8,8,ls,parent
13,27,8,8,ls,parent
13,28,8,8,ls,parent
14,29,8,8,ls,parent
14,30,8,8,ls,parent
14,31,8,8,ls,parent
15,32,8,8,ls,parent
15,33,8,8,ls,parent
15,34,8,8,ls,parent
16,35,8,8,ls,parent
16,36,8,8,ls,parent
16,37,8,8,ls,parent
17,38,8,8,ls,parent
17,39,8,8,ls,parent
17,40,8,8,ls,parent
18,41,8,8,ls,parent
18,42,8,8,ls,parent
18,43,8,8,ls,parent
19,44,8,8,ls,parent
19,45,8,8,ls,parent
19,46,8,8,ls,parent
19,47,8,8,ls,parent
19,48,8,8,ls,parent
19,49,8,8,ls,parent
19,50,8,8,ls,parent
19,51,8,8,ls,parent
19,52,8,8,ls,parent
19,53,8,8,ls,parent
19,54,8,8,ls,parent
19,55,8,8,ls,parent
19,56,8,8,ls,parent
19,57,8,8,ls,parent
19,58,8,8,ls,parent
19,59,8,8,ls,parent
19,60,8,8,ls,parent
19,61,8,8,ls,parent
19,62,8,8,ls,parent
19,63,8,8,ls,parent
19,64,8,8,ls,parent
19,65,8,8,ls,parent
19,66,8,8,ls,parent
19,67,8,8,ls,parent
19,68,8,8,ls,parent
19,69,8,8,ls,parent
19,70,8,8,ls,parent
19,71,8,8,ls,parent
19,72,8,8,ls,parent
2,0,9,9,ls,parent
2,1,9,9,ls,parent
3,2,9,9,ls,parent
3,3,9,9,ls,parent
4,4,9,9,ls,parent
4,5,9,9,ls,parent
4,6,9,9,ls,parent
5,7,9,9,ls,parent
5,8,9,9,ls,parent
5,9,9,9,ls,parent
6,10,9,9,ls,parent
6,11,9,9,ls,parent
7,12,9,9,ls,parent
7,13,9,9,ls,parent
7,14,9,9,ls,parent
8,15,9,9,ls,parent
8,16,9,9,ls,parent
8,17,9,9,ls,parent
9,18,9,9,ls,parent
9,19,9,9,ls,parent
10,20,9,9,ls,parent
10,21,9,9,ls,parent
10,22,9,9,ls,parent
11,23,9,9,ls,parent
11,24,9,9,ls,parent
11,25,9,9,ls,parent
12,26,9,9,ls,parent
12,27,9,9,ls,parent
12,28,9,9,ls,parent
13,29,9,9,ls,parent
13,30,9,9,ls,parent
13,31,9,9,ls,parent
14,32,9,9,ls,parent
14,33,9,9,ls,parent
14,34,9,9,ls,parent
15,35,9,9,ls,parent
15,36,9,9,ls,parent
16,37,9,9,ls,parent
16,38,9,9,ls,parent
16,39,9,9,ls,parent
17,40,9,9,ls,parent
17,41,9,9,ls,parent
17,42,9,9,ls,parent
18,43,9,9,ls,parent
18,44,9,9,ls,parent
18,45,9,9,ls,parent
19,46,9,9,ls,parent
19,47,9,9,ls,parent
19,48,9,9,ls,parent
19,49,9,9,ls,parent
19,50,9,9,ls,parent
19,51,9,9,ls,parent
19,52,9,9,ls,parent
19,53,9,9,ls,parent
19,54,9,9,ls,parent
19,55,9,9,ls,parent
19,56,9,9,ls,parent
19,57,9,9,ls,parent
19,58,9,9,ls,parent
19,59,9,9,ls,parent
19,60,9,9,ls,parent
19,61,9,9,ls,parent
19,62,9,9,ls,parent
19,63,9,9,ls,parent
19,64,9,9,ls,parent
19,65,9,9,ls,parent
19,66,9,9,ls,parent
19,67,9,9,ls,parent
19,68,9,9,ls,parent
19,69,9,9,ls,parent
19,70,9,9,ls,parent
19,71,9,9,ls,parent
19,72,9,9,ls,parent
1,0,10,10,ls,parent
2,1,10,10,ls,parent
2,2,10,10,ls,parent
2,3,10,10,ls,parent
3,4,10,10,ls,parent
3,5,10,10,ls,parent
3,6,10,10,ls,parent
4,7,10,10,ls,parent
4,8,10,10,ls,parent
4,9,10,10,ls,parent
6,10,10,10,ls,parent
6,11,10,10,ls,parent
6,12,10,10,ls,parent
6,13,10,10,ls,parent
6,14,10,10,ls,parent
7,15,10,10,ls,parent
7,16,10,10,ls,parent
7,17,10,10,ls,parent
8,18,10,10,ls,parent
8,19,10,10,ls,parent
9,20,10,10,ls,parent
9,21,10,10,ls,parent
9,22,10,10,ls,parent
10,23,10,10,ls,parent
10,24,10,10,ls,parent
10,25,10,10,ls,parent
11,26,10,10,ls,parent
11,27,10,10,ls,parent
11,28,10,10,ls,parent
12,29,10,10,ls,parent
12,30,10,10,ls,parent
12,31,10,10,ls,parent
13,32,10,10,ls,parent
13,33,10,10,ls,parent
14,34,10,10,ls,parent
14,35,10,10,ls,parent
14,36,10,10,ls,parent
15,37,10,10,ls,parent
15,38,10,10,ls,parent
15,39,10,10,ls,parent
16,40,10,10,ls,parent
16,41,10,10,ls,parent
16,42,10,10,ls,parent
17,43,10,10,ls,parent
17,44,10,10,ls,parent
17,45,10,10,ls,parent
18,46,10,10,ls,parent
18,47,10,10,ls,parent
19,48,10,10,ls,parent
19,49,10,10,ls,parent
19,50,10,10,ls,parent
19,51,10,10,ls,parent
19,52,10,10,ls,parent
19,53,10,10,ls,parent
19,54,10,10,ls,parent
19,55,10,10,ls,parent
19,56,10,10,ls,parent
19,57,10,10,ls,parent
19,58,10,10,ls,parent
19,59,10,10,ls,parent
19,60,10,10,ls,parent
19,61,10,10,ls,parent
19,62,10,10,ls,parent
19,63,10,10,ls,parent
19,64,10,10,ls,parent
19,65,10,10,ls,parent
19,66,10,10,ls,parent
19,67,10,10,ls,parent
19,68,10,10,ls,parent
19,69,10,10,ls,parent
19,70,10,10,ls,parent
19,71,10,10,ls,parent
19,72,10,10,ls,parent
1,0,11,11,ls,parent
1,1,11,11,ls,parent
1,2,11,11,ls,parent
1,3,11,11,ls,parent
2,4,11,11,ls,parent
2,5,11,11,ls,parent
2,6,11,11,ls,parent
3,7,11,11,ls,parent
3,8,11,11,ls,parent
3,9,11,11,ls,parent
4,10,11,11,ls,parent
4,11,11,11,ls,parent
5,12,11,11,ls,parent
5,13,11,11,ls,parent
5,14,11,11,ls,parent
6,15,11,11,ls,parent
6,16,11,11,ls,parent
6,17,11,11,ls,parent
7,18,11,11,ls,parent
7,19,11,11,ls,parent
7,20,11,11,ls,parent
8,21,11,11,ls,parent
8,22,11,11,ls,parent
9,23,11,11,ls,parent
9,24,11,11,ls,parent
9,25,11,11,ls,parent
10,26,11,11,ls,parent
10,27,11,11,ls,parent
10,28,11,11,ls,parent
11,29,11,11,ls,parent
11,30,11,11,ls,parent
11,31,11,11,ls,parent
12,32,11,11,ls,parent
12,33,11,11,ls,parent
13,34,11,11,ls,parent
13,35,11,11,ls,parent
13,36,11,11,ls,parent
14,37,11,11,ls,parent
14,38,11,11,ls,parent
14,39,11,11,ls,parent
15,40,11,11,ls,parent
15,41,11,11,ls,parent
15,42,11,11,ls,parent
16,43,11,11,ls,parent
16,44,11,11,ls,parent
17,45,11,11,ls,parent
17,46,11,11,ls,parent
17,47,11,11,ls,parent
18,48,11,11,ls,parent
18,49,11,11,ls,parent
18,50,11,11,ls,parent
19,51,11,11,ls,parent
19,52,11,11,ls,parent
19,53,11,11,ls,parent
19,54,11,11,ls,parent
19,55,11,11,ls,parent
19,56,11,11,ls,parent
19,57,11,11,ls,parent
19,58,11,11,ls,parent
19,59,11,11,ls,parent
19,60,11,11,ls,parent
19,61,11,11,ls,parent
19,62,11,11,ls,parent
19,63,11,11,ls,parent
19,64,11,11,ls,parent
19,65,11,11,ls,parent
19,66,11,11,ls,parent
19,67,11,11,ls,parent
19,68,11,11,ls,parent
19,69,11,11,ls,parent
19,70,11,11,ls,parent
19,71,11,11,ls,parent
19,72,11,11,ls,parent
1,0,12,13,ls,parent
1,1,12,13,ls,parent
1,2,12,13,ls,parent
1,3,12,13,ls,parent
1,4,12,13,ls,parent
1,5,12,13,ls,parent
1,6,12,13,ls,parent
2,7,12,13,ls,parent
2,8,12,13,ls,parent
3,9,12,13,ls,parent
3,10,12,13,ls,parent
3,11,12,13,ls,parent
4,12,12,13,ls,parent
4,13,12,13,ls,parent
4,14,12,13,ls,parent
5,15,12,13,ls,parent
5,16,12,13,ls,parent
5,17,12,13,ls,parent
6,18,12,13,ls,parent
6,19,12,13,ls,parent
6,20,12,13,ls,parent
7,21,12,13,ls,parent
7,22,12,13,ls,parent
7,23,12,13,ls,parent
8,24,12,13,ls,parent
8,25,12,13,ls,parent
9,26,12,13,ls,parent
9,27,12,13,ls,parent
9,28,12,13,ls,parent
10,29,12,13,ls,parent
10,30,12,13,ls,parent
10,31,12,13,ls,parent
11,32,12,13,ls,parent
11,33,12,13,ls,parent
11,34,12,13,ls,parent
12,35,12,13,ls,parent
12,36,12,13,ls,parent
13,37,12,13,ls,parent
13,38,12,13,ls,parent
13,39,12,13,ls,parent
14,40,12,13,ls,parent
14,41,12,13,ls,parent
14,42,12,13,ls,parent
15,43,12,13,ls,parent
15,44,12,13,ls,parent
16,45,12,13,ls,parent
16,46,12,13,ls,parent
16,47,12,13,ls,parent
17,48,12,13,ls,parent
17,49,12,13,ls,parent
17,50,12,13,ls,parent
18,51,12,13,ls,parent
18,52,12,13,ls,parent
19,53,12,13,ls,parent
19,54,12,13,ls,parent
19,55,12,13,ls,parent
19,56,12,13,ls,parent
19,57,12,13,ls,parent
19,58,12,13,ls,parent
19,59,12,13,ls,parent
19,60,12,13,ls,parent
19,61,12,13,ls,parent
19,62,12,13,ls,parent
19,63,12,13,ls,parent
19,64,12,13,ls,parent
19,65,12,13,ls,parent
19,66,12,13,ls,parent
19,67,12,13,ls,parent
19,68,12,13,ls,parent
19,69,12,13,ls,parent
19,70,12,13,ls,parent
19,71,12,13,ls,parent
19,72,12,13,ls,parent
1,0,14,15,ls,parent
1,1,14,15,ls,parent
1,2,14,15,ls,parent
1,3,14,15,ls,parent
1,4,14,15,ls,parent
1,5,14,15,ls,parent
1,6,14,15,ls,parent
1,7,14,15,ls,parent
1,8,14,15,ls,parent
2,9,14,15,ls,parent
2,10,14,15,ls,parent
2,11,14,15,ls,parent
3,12,14,15,ls,parent
3,13,14,15,ls,parent
3,14,14,15,ls,parent
4,15,14,15,ls,parent
4,16,14,15,ls,parent
4,17,14,15,ls,parent
5,18,14,15,ls,parent
5,19,14,15,ls,parent
5,20,14,15,ls,parent
6,21,14,15,ls,parent
6,22,14,15,ls,parent
6,23,14,15,ls,parent
7,24,14,15,ls,parent
7,25,14,15,ls,parent
7,26,14,15,ls,parent
8,27,14,15,ls,parent
8,28,14,15,ls,parent
9,29,14,15,ls,parent
9,30,14,15,ls,parent
9,31,14,15,ls,parent
10,32,14,15,ls,parent
10,33,14,15,ls,parent
10,34,14,15,ls,parent
11,35,14,15,ls,parent
11,36,14,15,ls,parent
11,37,14,15,ls,parent
12,38,14,15,ls,parent
12,39,14,15,ls,parent
13,40,14,15,ls,parent
13,41,14,15,ls,parent
13,42,14,15,ls,parent
14,43,14,15,ls,parent
14,44,14,15,ls,parent
15,45,14,15,ls,parent
15,46,14,15,ls,parent
15,47,14,15,ls,parent
16,48,14,15,ls,parent
16,49,14,15,ls,parent
17,50,14,15,ls,parent
17,51,14,15,ls,parent
17,52,14,15,ls,parent
18,53,14,15,ls,parent
18,54,14,15,ls,parent
18,55,14,15,ls,parent
19,56,14,15,ls,parent
19,57,14,15,ls,parent
19,58,14,15,ls,parent
19,59,14,15,ls,parent
19,60,14,15,ls,parent
19,61,14,15,ls,parent
19,62,14,15,ls,parent
19,63,14,15,ls,parent
19,64,14,15,ls,parent
19,65,14,15,ls,parent
19,66,14,15,ls,parent
19,67,14,15,ls,parent
19,68,14,15,ls,parent
19,69,14,15,ls,parent
19,70,14,15,ls,parent
19,71,14,15,ls,parent
19,72,14,15,ls,parent
1,0,16,17,ls,parent
1,1,16,17,ls,parent
1,2,16,17,ls,parent
1,3,16,17,ls,parent
1,4,16,17,ls,parent
1,5,16,17,ls,parent
1,6,16,17,ls,parent
1,7,16,17,ls,parent
1,8,16,17,ls,parent
1,9,16,17,ls,parent
1,10,16,17,ls,parent
1,11,16,17,ls,parent
2,12,16,17,ls,parent
2,13,16,17,ls,parent
2,14,16,17,ls,parent
3,15,16,17,ls,parent
3,16,16,17,ls,parent
3,17,16,17,ls,parent
4,18,16,17,ls,parent
4,19,16,17,ls,parent
4,20,16,17,ls,parent
5,21,16,17,ls,parent
5,22,16,17,ls,parent
5,23,16,17,ls,parent
6,24,16,17,ls,parent
6,25,16,17,ls,parent
6,26,16,17,ls,parent
7,27,16,17,ls,parent
7,28,16,17,ls,parent
7,29,16,17,ls,parent
8,30,16,17,ls,parent
8,31,16,17,ls,parent
9,32,16,17,ls,parent
9,33,16,17,ls,parent
9,34,16,17,ls,parent
10,35,16,17,ls,parent
10,36,16,17,ls,parent
10,37,16,17,ls,parent
11,38,16,17,ls,parent
11,39,16,17,ls,parent
11,40,16,17,ls,parent
12,41,16,17,ls,parent
12,42,16,17,ls,parent
13,43,16,17,ls,parent
13,44,16,17,ls,parent
13,45,16,17,ls,parent
14,46,16,17,ls,parent
14,47,16,17,ls,parent
15,48,16,17,ls,parent
15,49,16,17,ls,parent
15,50,16,17,ls,parent
16,51,16,17,ls,parent
16,52,16,17,ls,parent
17,53,16,17,ls,parent
17,54,16,17,ls,parent
18,55,16,17,ls,parent
18,56,16,17,ls,parent
18,57,16,17,ls,parent
19,58,16,17,ls,parent
19,59,16,17,ls,parent
19,60,16,17,ls,parent
19,61,16,17,ls,parent
19,62,16,17,ls,parent
19,63,16,17,ls,parent
19,64,16,17,ls,parent
19,65,16,17,ls,parent
19,66,16,17,ls,parent
19,67,16,17,ls,parent
19,68,16,17,ls,parent
19,69,16,17,ls,parent
19,70,16,17,ls,parent
19,71,16,17,ls,parent
19,72,16,17,ls,parent
1,0,18,19,ls,parent
1,1,18,19,ls,parent
1,2,18,19,ls,parent
1,3,18,19,ls,parent
1,4,18,19,ls,parent
1,5,18,19,ls,parent
1,6,18,19,ls,parent
1,7,18,19,ls,parent
1,8,18,19,ls,parent
1,9,18,19,ls,parent
1,10,18,19,ls,parent
1,11,18,19,ls,parent
1,12,18,19,ls,parent
1,13,18,19,ls,parent
2,14,18,19,ls,parent
2,15,18,19,ls,parent
2,16,18,19,ls,parent
3,17,18,19,ls,parent
3,18,18,19,ls,parent
3,19,18,19,ls,parent
4,20,18,19,ls,parent
4,21,18,19,ls,parent
4,22,18,19,ls,parent
5,23,18,19,ls,parent
5,24,18,19,ls,parent
5,25,18,19,ls,parent
6,26,18,19,ls,parent
6,27,18,19,ls,parent
6,28,18,19,ls,parent
7,29,18,19,ls,parent
7,30,18,19,ls,parent
7,31,18,19,ls,parent
8,32,18,19,ls,parent
8,33,18,19,ls,parent
8,34,18,19,ls,parent
9,35,18,19,ls,parent
9,36,18,19,ls,parent
9,37,18,19,ls,parent
10,38,18,19,ls,parent
10,39,18,19,ls,parent
10,40,18,19,ls,parent
11,41,18,19,ls,parent
11,42,18,19,ls,parent
11,43,18,19,ls,parent
12,44,18,19,ls,parent
12,45,18,19,ls,parent
13,46,18,19,ls,parent
13,47,18,19,ls,parent
14,48,18,19,ls,parent
14,49,18,19,ls,parent
14,50,18,19,ls,parent
15,51,18,19,ls,parent
15,52,18,19,ls,parent
16,53,18,19,ls,parent
16,54,18,19,ls,parent
16,55,18,19,ls,parent
17,56,18,19,ls,parent
17,57,18,19,ls,parent
18,58,18,19,ls,parent
18,59,18,19,ls,parent
19,60,18,19,ls,parent
19,61,18,19,ls,parent
19,62,18,19,ls,parent
19,63,18,19,ls,parent
19,64,18,19,ls,parent
19,65,18,19,ls,parent
19,66,18,19,ls,parent
19,67,18,19,ls,parent
19,68,18,19,ls,parent
19,69,18,19,ls,parent
19,70,18,19,ls,parent
19,71,18,19,ls,parent
19,72,18,19,ls,parent
1,0,20,21,ls,parent
1,1,20,21,ls,parent
1,2,20,21,ls,parent
1,3,20,21,ls,parent
1,4,20,21,ls,parent
1,5,20,21,ls,parent
1,6,20,21,ls,parent
1,7,20,21,ls,parent
1,8,20,21,ls,parent
1,9,20,21,ls,parent
1,10,20,21,ls,parent
1,11,20,21,ls,parent
1,12,20,21,ls,parent
1,13,20,21,ls,parent
1,14,20,21,ls,parent
1,15,20,21,ls,parent
1,16,20,21,ls,parent
2,17,20,21,ls,parent
2,18,20,21,ls,parent
2,19,20,21,ls,parent
3,20,20,21,ls,parent
3,21,20,21,ls,parent
3,22,20,21,ls,parent
4,23,20,21,ls,parent
4,24,20,21,ls,parent
4,25,20,21,ls,parent
5,26,20,21,ls,parent
5,27,20,21,ls,parent
5,28,20,21,ls,parent
6,29,20,21,ls,parent
6,30,20,21,ls,parent
6,31,20,21,ls,parent
7,32,20,21,ls,parent
7,33,20,21,ls,parent
7,34,20,21,ls,parent
8,35,20,21,ls,parent
8,36,20,21,ls,parent
8,37,20,21,ls,parent
9,38,20,21,ls,parent
9,39,20,21,ls,parent
9,40,20,21,ls,parent
10,41,20,21,ls,parent
10,42,20,21,ls,parent
10,43,20,21,ls,parent
11,44,20,21,ls,parent
11,45,20,21,ls,parent
12,46,20,21,ls,parent
12,47,20,21,ls,parent
12,48,20,21,ls,parent
13,49,20,21,ls,parent
13,50,20,21,ls,parent
14,51,20,21,ls,parent
14,52,20,21,ls,parent
15,53,20,21,ls,parent
15,54,20,21,ls,parent
15,55,20,21,ls,parent
16,56,20,21,ls,parent
16,57,20,21,ls,parent
17,58,20,21,ls,parent
17,59,20,21,ls,parent
18,60,20,21,ls,parent
18,61,20,21,ls,parent
18,62,20,21,ls,parent
19,63,20,21,ls,parent
19,64,20,21,ls,parent
19,65,20,21,ls,parent
19,66,20,21,ls,parent
19,67,20,21,ls,parent
19,68,20,21,ls,parent
19,69,20,21,ls,parent
19,70,20,21,ls,parent
19,71,20,21,ls,parent
19,72,20,21,ls,parent
1,0,22,23,ls,parent
1,1,22,23,ls,parent
1,2,22,23,ls,parent
1,3,22,23,ls,parent
1,4,22,23,ls,parent
1,5,22,23,ls,parent
1,6,22,23,ls,parent
1,7,22,23,ls,parent
1,8,22,23,ls,parent
1,9,22,23,ls,parent
1,10,22,23,ls,parent
1,11,22,23,ls,parent
1,12,22,23,ls,parent
1,13,22,23,ls,parent
1,14,22,23,ls,parent
1,15,22,23,ls,parent
1,16,22,23,ls,parent
1,17,22,23,ls,parent
1,18,22,23,ls,parent
2,19,22,23,ls,parent
2,20,22,23,ls,parent
2,21,22,23,ls,parent
2,22,22,23,ls,parent
3,23,22,23,ls,parent
3,24,22,23,ls,parent
3,25,22,23,ls,parent
4,26,22,23,ls,parent
4,27,22,23,ls,parent
4,28,22,23,ls,parent
5,29,22,23,ls,parent
5,30,22,23,ls,parent
5,31,22,23,ls,parent
6,32,22,23,ls,parent
6,33,22,23,ls,parent
6,34,22,23,ls,parent
7,35,22,23,ls,parent
7,36,22,23,ls,parent
7,37,22,23,ls,parent
8,38,22,23,ls,parent
8,39,22,23,ls,parent
8,40,22,23,ls,parent
9,41,22,23,ls,parent
9,42,22,23,ls,parent
9,43,22,23,ls,parent
10,44,22,23,ls,parent
10,45,22,23,ls,parent
10,46,22,23,ls,parent
11,47,22,23,ls,parent
11,48,22,23,ls,parent
12,49,22,23,ls,parent
12,50,22,23,ls,parent
12,51,22,23,ls,parent
13,52,22,23,ls,parent
13,53,22,23,ls,parent
14,54,22,23,ls,parent
14,55,22,23,ls,parent
15,56,22,23,ls,parent
15,57,22,23,ls,parent
16,58,22,23,ls,parent
16,59,22,23,ls,parent
17,60,22,23,ls,parent
17,61,22,23,ls,parent
17,62,22,23,ls,parent
18,63,22,23,ls,parent
18,64,22,23,ls,parent
19,65,22,23,ls,parent
19,66,22,23,ls,parent
19,67,22,23,ls,parent
19,68,22,23,ls,parent
19,69,22,23,ls,parent
19,70,22,23,ls,parent
19,71,22,23,ls,parent
19,72,22,23,ls,parent
1,0,24,26,ls,parent
1,1,24,26,ls,parent
1,2,24,26,ls,parent
1,3,24,26,ls,parent
1,4,24,26,ls,parent
1,5,24,26,ls,parent
1,6,24,26,ls,parent
1,7,24,26,ls,parent
1,8,24,26,ls,parent
1,9,24,26,ls,parent
1,10,24,26,ls,parent
1,11,24,26,ls,parent
1,12,24,26,ls,parent
1,13,24,26,ls,parent
1,14,24,26,ls,parent
1,15,24,26,ls,parent
1,16,24,26,ls,parent
1,17,24,26,ls,parent
1,18,24,26,ls,parent
1,19,24,26,ls,parent
1,20,24,26,ls,parent
1,21,24,26,ls,parent
2,22,24,26,ls,parent
2,23,24,26,ls,parent
2,24,24,26,ls,parent
3,25,24,26,ls,parent
3,26,24,26,ls,parent
3,27,24,26,ls,parent
4,28,24,26,ls,parent
4,29,24,26,ls,parent
4,30,24,26,ls,parent
5,31,24,26,ls,parent
5,32,24,26,ls,parent
5,33,24,26,ls,parent
6,34,24,26,ls,parent
6,35,24,26,ls,parent
6,36,24,26,ls,parent
6,37,24,26,ls,parent
7,38,24,26,ls,parent
7,39,24,26,ls,parent
7,40,24,26,ls,parent
8,41,24,26,ls,parent
8,42,24,26,ls,parent
8,43,24,26,ls,parent
9,44,24,26,ls,parent
9,45,24,26,ls,parent
9,46,24,26,ls,parent
10,47,24,26,ls,parent
10,48,24,26,ls,parent
10,49,24,26,ls,parent
11,50,24,26,ls,parent
11,51,24,26,ls,parent
12,52,24,26,ls,parent
12,53,24,26,ls,parent
13,54,24,26,ls,parent
13,55,24,26,ls,parent
14,56,24,26,ls,parent
14,57,24,26,ls,parent
14,58,24,26,ls,parent
15,59,24,26,ls,parent
15,60,24,26,ls,parent
16,61,24,26,ls,parent
16,62,24,26,ls,parent
17,63,24,26,ls,parent
17,64,24,26,ls,parent
18,65,24,26,ls,parent
18,66,24,26,ls,parent
19,67,24,26,ls,parent
19,68,24,26,ls,parent
19,69,24,26,ls,parent
19,70,24,26,ls,parent
19,71,24,26,ls,parent
19,72,24,26,ls,parent
1,0,27,29,ls,parent
1,1,27,29,ls,parent
1,2,27,29,ls,parent
1,3,27,29,ls,parent
1,4,27,29,ls,parent
1,5,27,29,ls,parent
1,6,27,29,ls,parent
1,7,27,29,ls,parent
1,8,27,29,ls,parent
1,9,27,29,ls,parent
1,10,27,29,ls,parent
1,11,27,29,ls,parent
1,12,27,29,ls,parent
1,13,27,29,ls,parent
1,14,27,29,ls,parent
1,15,27,29,ls,parent
1,16,27,29,ls,parent
1,17,27,29,ls,parent
1,18,27,29,ls,parent
1,19,27,29,ls,parent
1,20,27,29,ls,parent
1,21,27,29,ls,parent
1,22,27,29,ls,parent
1,23,27,29,ls,parent
2,24,27,29,ls,parent
2,25,27,29,ls,parent
2,26,27,29,ls,parent
3,27,27,29,ls,parent
3,28,27,29,ls,parent
3,29,27,29,ls,parent
3,30,27,29,ls,parent
4,31,27,29,ls,parent
4,32,27,29,ls,parent
4,33,27,29,ls,parent
5,34,27,29,ls,parent
5,35,27,29,ls,parent
5,36,27,29,ls,parent
6,37,27,29,ls,parent
6,38,27,29,ls,parent
6,39,27,29,ls,parent
7,40,27,29,ls,parent
7,41,27,29,ls,parent
7,42,27,29,ls,parent
8,43,27,29,ls,parent
8,44,27,29,ls,parent
8,45,27,29,ls,parent
8,46,27,29,ls,parent
9,47,27,29,ls,parent
9,48,27,29,ls,parent
9,49,27,29,ls,parent
10,50,27,29,ls,parent
10,51,27,29,ls,parent
10,52,27,29,ls,parent
11,53,27,29,ls,parent
11,54,27,29,ls,parent
12,55,27,29,ls,parent
12,56,27,29,ls,parent
13,57,27,29,ls,parent
13,58,27,29,ls,parent
14,59,27,29,ls,parent
14,60,27,29,ls,parent
15,61,27,29,ls,parent
15,62,27,29,ls,parent
16,63,27,29,ls,parent
16,64,27,29,ls,parent
17,65,27,29,ls,parent
17,66,27,29,ls,parent
18,67,27,29,ls,parent
18,68,27,29,ls,parent
19,69,27,29,ls,parent
19,70,27,29,ls,parent
19,71,27,29,ls,parent
19,72,27,29,ls,parent
1,0,30,32,ls,parent
1,1,30,32,ls,parent
1,2,30,32,ls,parent
1,3,30,32,ls,parent
1,4,30,32,ls,parent
1,5,30,32,ls,parent
1,6,30,32,ls,parent
1,7,30,32,ls,parent
1,8,30,32,ls,parent
1,9,30,32,ls,parent
1,10,30,32,ls,parent
1,11,30,32,ls,parent
1,12,30,32,ls,parent
1,13,30,32,ls,parent
1,14,30,32,ls,parent
1,15,30,32,ls,parent
1,16,30,32,ls,parent
1,17,30,32,ls,parent
1,18,30,32,ls,parent
1,19,30,32,ls,parent
1,20,30,32,ls,parent
1,21,30,32,ls,parent
1,22,30,32,ls,parent
1,23,30,32,ls,parent
1,24,30,32,ls,parent
1,25,30,32,ls,parent
2,26,30,32,ls,parent
2,27,30,32,ls,parent
2,28,30,32,ls,parent
3,29,30,32,ls,parent
3,30,30,32,ls,parent
3,31,30,32,ls,parent
3,32,30,32,ls,parent
4,33,30,32,ls,parent
4,34,30,32,ls,parent
4,35,30,32,ls,parent
5,36,30,32,ls,parent
5,37,30,32,ls,parent
5,38,30,32,ls,parent
6,39,30,32,ls,parent
6,40,30,32,ls,parent
6,41,30,32,ls,parent
6,42,30,32,ls,parent
7,43,30,32,ls,parent
7,44,30,32,ls,parent
7,45,30,32,ls,parent
8,46,30,32,ls,parent
8,47,30,32,ls,parent
8,48,30,32,ls,parent
9,49,30,32,ls,parent
9,50,30,32,ls,parent
9,51,30,32,ls,parent
9,52,30,32,ls,parent
10,53,30,32,ls,parent
10,54,30,32,ls,parent
11,55,30,32,ls,parent
11,56,30,32,ls,parent
12,57,30,32,ls,parent
12,58,30,32,ls,parent
13,59,30,32,ls,parent
13,60,30,32,ls,parent
14,61,30,32,ls,parent
14,62,30,32,ls,parent
15,63,30,32,ls,parent
15,64,30,32,ls,parent
16,65,30,32,ls,parent
16,66,30,32,ls,parent
17,67,30,32,ls,parent
17,68,30,32,ls,parent
18,69,30,32,ls,parent
18,70,30,32,ls,parent
19,71,30,32,ls,parent
19,72,30,32,ls,parent
1,0,33,35,ls,parent
1,1,33,35,ls,parent
1,2,33,35,ls,parent
1,3,33,35,ls,parent
1,4,33,35,ls,parent
1,5,33,35,ls,parent
1,6,33,35,ls,parent
1,7,33,35,ls,parent
1,8,33,35,ls,parent
1,9,33,35,ls,parent
1,10,33,35,ls,parent
1,11,33,35,ls,parent
1,12,33,35,ls,parent
1,13,33,35,ls,parent
1,14,33,35,ls,parent
1,15,33,35,ls,parent
1,16,33,35,ls,parent
1,17,33,35,ls,parent
1,18,33,35,ls,parent
1,19,33,35,ls,parent
1,20,33,35,ls,parent
1,21,33,35,ls,parent
1,22,33,35,ls,parent
1,23,33,35,ls,parent
1,24,33,35,ls,parent
1,25,33,35,ls,parent
1,26,33,35,ls,parent
1,27,33,35,ls,parent
2,28,33,35,ls,parent
2,29,33,35,ls,parent
2,30,33,35,ls,parent
2,31,33,35,ls,parent
3,32,33,35,ls,parent
3,33,33,35,ls,parent
3,34,33,35,ls,parent
4,35,33,35,ls,parent
4,36,33,35,ls,parent
4,37,33,35,ls,parent
5,38,33,35,ls,parent
5,39,33,35,ls,parent
5,40,33,35,ls,parent
5,41,33,35,ls,parent
6,42,33,35,ls,parent
6,43,33,35,ls,parent
6,44,33,35,ls,parent
7,45,33,35,ls,parent
7,46,33,35,ls,parent
7,47,33,35,ls,parent
8,48,33,35,ls,parent
8,49,33,35,ls,parent
8,50,33,35,ls,parent
8,51,33,35,ls,parent
9,52,33,35,ls,parent
9,53,33,35,ls,parent
9,54,33,35,ls,parent
10,55,33,35,ls,parent
10,56,33,35,ls,parent
10,57,33,35,ls,parent
11,58,33,35,ls,parent
11,59,33,35,ls,parent
12,60,33,35,ls,parent
13,61,33,35,ls,parent
13,62,33,35,ls,parent
14,63,33,35,ls,parent
14,64,33,35,ls,parent
15,65,33,35,ls,parent
15,66,33,35,ls,parent
16,67,33,35,ls,parent
16,68,33,35,ls,parent
17,69,33,35,ls,parent
17,70,33,35,ls,parent
18,71,33,35,ls,parent
18,72,33,35,ls,parent
1,0,36,38,ls,parent
1,1,36,38,ls,parent
1,2,36,38,ls,parent
1,3,36,38,ls,parent
1,4,36,38,ls,parent
1,5,36,38,ls,parent
1,6,36,38,ls,parent
1,7,36,38,ls,parent
1,8,36,38,ls,parent
1,9,36,38,ls,parent
1,10,36,38,ls,parent
1,11,36,38,ls,parent
1,12,36,38,ls,parent
1,13,36,38,ls,parent
1,14,36,38,ls,parent
1,15,36,38,ls,parent
1,16,36,38,ls,parent
1,17,36,38,ls,parent
1,18,36,38,ls,parent
1,19,36,38,ls,parent
1,20,36,38,ls,parent
1,21,36,38,ls,parent
1,22,36,38,ls,parent
1,23,36,38,ls,parent
1,24,36,38,ls,parent
1,25,36,38,ls,parent
1,26,36,38,ls,parent
1,27,36,38,ls,parent
1,28,36,38,ls,parent
1,29,36,38,ls,parent
2,30,36,38,ls,parent
2,31,36,38,ls,parent
2,32,36,38,ls,parent
3,33,36,38,ls,parent
3,34,36,38,ls,parent
3,35,36,38,ls,parent
3,36,36,38,ls,parent
4,37,36,38,ls,parent
4,38,36,38,ls,parent
4,39,36,38,ls,parent
5,40,36,38,ls,parent
5,41,36,38,ls,parent
5,42,36,38,ls,parent
5,43,36,38,ls,parent
6,44,36,38,ls,parent
6,45,36,38,ls,parent
6,46,36,38,ls,parent
7,47,36,38,ls,parent
7,48,36,38,ls,parent
7,49,36,38,ls,parent
8,50,36,38,ls,parent
8,51,36,38,ls,parent
8,52,36,38,ls,parent
8,53,36,38,ls,parent
9,54,36,38,ls,parent
9,55,36,38,ls,parent
9,56,36,38,ls,parent
10,57,36,38,ls,parent
10,58,36,38,ls,parent
10,59,36,38,ls,parent
11,60,36,38,ls,parent
11,61,36,38,ls,parent
12,62,36,38,ls,parent
12,63,36,38,ls,parent
13,64,36,38,ls,parent
14,65,36,38,ls,parent
14,66,36,38,ls,parent
15,67,36,38,ls,parent
15,68,36,38,ls,parent
16,69,36,38,ls,parent
16,70,36,38,ls,parent
17,71,36,38,ls,parent
17,72,36,38,ls,parent
1,0,39,41,ls,parent
1,1,39,41,ls,parent
1,2,39,41,ls,parent
1,3,39,41,ls,parent
1,4,39,41,ls,parent
1,5,39,41,ls,parent
1,6,39,41,ls,parent
1,7,39,41,ls,parent
1,8,39,41,ls,parent
1,9,39,41,ls,parent
1,10,39,41,ls,parent
1,11,39,41,ls,parent
1,12,39,41,ls,parent
1,13,39,41,ls,parent
1,14,39,41,ls,parent
1,15,39,41,ls,parent
1,16,39,41,ls,parent
1,17,39,41,ls,parent
1,18,39,41,ls,parent
1,19,39,41,ls,parent
1,20,39,41,ls,parent
1,21,39,41,ls,parent
1,22,39,41,ls,parent
1,23,39,41,ls,parent
1,24,39,41,ls,parent
1,25,39,41,ls,parent
1,26,39,41,ls,parent
1,27,39,41,ls,parent
1,28,39,41,ls,parent
1,29,39,41,ls,parent
1,30,39,41,ls,parent
1,31,39,41,ls,parent
2,32,39,41,ls,parent
2,33,39,41,ls,parent
2,34,39,41,ls,parent
3,35,39,41,ls,parent
3,36,39,41,ls,parent
3,37,39,41,ls,parent
3,38,39,41,ls,parent
4,39,39,41,ls,parent
4,40,39,41,ls,parent
4,41,39,41,ls,parent
5,42,39,41,ls,parent
5,43,39,41,ls,parent
5,44,39,41,ls,parent
5,45,39,41,ls,parent
6,46,39,41,ls,parent
6,47,39,41,ls,parent
6,48,39,41,ls,parent
7,49,39,41,ls,parent
7,50,39,41,ls,parent
7,51,39,41,ls,parent
8,52,39,41,ls,parent
8,53,39,41,ls,parent
8,54,39,41,ls,parent
8,55,39,41,ls,parent
9,56,39,41,ls,parent
9,57,39,41,ls,parent
9,58,39,41,ls,parent
10,59,39,41,ls,parent
10,60,39,41,ls,parent
10,61,39,41,ls,parent
11,62,39,41,ls,parent
11,63,39,41,ls,parent
12,64,39,41,ls,parent
12,65,39,41,ls,parent
13,66,39,41,ls,parent
14,67,39,41,ls,parent
14,68,39,41,ls,parent
15,69,39,41,ls,parent
15,70,39,41,ls,parent
16,71,39,41,ls,parent
16,72,39,41,ls,parent
1,0,42,44,ls,parent
1,1,42,44,ls,parent
1,2,42,44,ls,parent
1,3,42,44,ls,parent
1,4,42,44,ls,parent
1,5,42,44,ls,parent
1,6,42,44,ls,parent
1,7,42,44,ls,parent
1,8,42,44,ls,parent
1,9,42,44,ls,parent
1,10,42,44,ls,parent
1,11,42,44,ls,parent
1,12,42,44,ls,parent
1,13,42,44,ls,parent
1,14,42,44,ls,parent
1,15,42,44,ls,parent
1,16,42,44,ls,parent
1,17,42,44,ls,parent
1,18,42,44,ls,parent
1,19,42,44,ls,parent
1,20,42,44,ls,parent
1,21,42,44,ls,parent
1,22,42,44,ls,parent
1,23,42,44,ls,parent
1,24,42,44,ls,parent
1,25,42,44,ls,parent
1,26,42,44,ls,parent
1,27,42,44,ls,parent
1,28,42,44,ls,parent
1,29,42,44,ls,parent
1,30,42,44,ls,parent
1,31,42,44,ls,parent
1,32,42,44,ls,parent
2,33,42,44,ls,parent
2,34,42,44,ls,parent
2,35,42,44,ls,parent
2,36,42,44,ls,parent
3,37,42,44,ls,parent
3,38,42,44,ls,parent
3,39,42,44,ls,parent
4,40,42,44,ls,parent
4,41,42,44,ls,parent
4,42,42,44,ls,parent
4,43,42,44,ls,parent
5,44,42,44,ls,parent
5,45,42,44,ls,parent
5,46,42,44,ls,parent
6,47,42,44,ls,parent
6,48,42,44,ls,parent
6,49,42,44,ls,parent
6,50,42,44,ls,parent
7,51,42,44,ls,parent
7,52,42,44,ls,parent
7,53,42,44,ls,parent
8,54,42,44,ls,parent
8,55,42,44,ls,parent
8,56,42,44,ls,parent
8,57,42,44,ls,parent
9,58,42,44,ls,parent
9,59,42,44,ls,parent
9,60,42,44,ls,parent
10,61,42,44,ls,parent
10,62,42,44,ls,parent
10,63,42,44,ls,parent
11,64,42,44,ls,parent
11,65,42,44,ls,parent
12,66,42,44,ls,parent
13,67,42,44,ls,parent
13,68,42,44,ls,parent
14,69,42,44,ls,parent
14,70,42,44,ls,parent
15,71,42,44,ls,parent
16,72,42,44,ls,parent
1,0,45,47,ls,parent
1,1,45,47,ls,parent
1,2,45,47,ls,parent
1,3,45,47,ls,parent
1,4,45,47,ls,parent
1,5,45,47,ls,parent
1,6,45,47,ls,parent
1,7,45,47,ls,parent
1,8,45,47,ls,parent
1,9,45,47,ls,parent
1,10,45,47,ls,parent
1,11,45,47,ls,parent
1,12,45,47,ls,parent
1,13,45,47,ls,parent
1,14,45,47,ls,parent
1,15,45,47,ls,parent
1,16,45,47,ls,parent
1,17,45,47,ls,parent
1,18,45,47,ls,parent
1,19,45,47,ls,parent
1,20,45,47,ls,parent
1,21,45,47,ls,parent
1,22,45,47,ls,parent
1,23,45,47,ls,parent
1,24,45,47,ls,parent
1,25,45,47,ls,parent
1,26,45,47,ls,parent
1,27,45,47,ls,parent
1,28,45,47,ls,parent
1,29,45,47,ls,parent
1,30,45,47,ls,parent
1,31,45,47,ls,parent
1,32,45,47,ls,parent
1,33,45,47,ls,parent
2,34,45,47,ls,parent
2,35,45,47,ls,parent
2,36,45,47,ls,parent
2,37,45,47,ls,parent
3,38,45,47,ls,parent
3,39,45,47,ls,parent
3,40,45,47,ls,parent
4,41,45,47,ls,parent
4,42,45,47,ls,parent
4,43,45,47,ls,parent
4,44,45,47,ls,parent
5,45,45,47,ls,parent
5,46,45,47,ls,parent
5,47,45,47,ls,parent
5,48,45,47,ls,parent
6,49,45,47,ls,parent
6,50,45,47,ls,parent
6,51,45,47,ls,parent
7,52,45,47,ls,parent
7,53,45,47,ls,parent
7,54,45,47,ls,parent
7,55,45,47,ls,parent
8,56,45,47,ls,parent
8,57,45,47,ls,parent
8,58,45,47,ls,parent
9,59,45,47,ls,parent
9,60,45,47,ls,parent
9,61,45,47,ls,parent
9,62,45,47,ls,parent
10,63,45,47,ls,parent
10,64,45,47,ls,parent
10,65,45,47,ls,parent
11,66,45,47,ls,parent
12,67,45,47,ls,parent
12,68,45,47,ls,parent
13,69,45,47,ls,parent
14,70,45,47,ls,parent
14,71,45,47,ls,parent
15,72,45,47,ls,parent
1,0,48,50,ls,parent
1,1,48,50,ls,parent
1,2,48,50,ls,parent
1,3,48,50,ls,parent
1,4,48,50,ls,parent
1,5,48,50,ls,parent
1,6,48,50,ls,parent
1,7,48,50,ls,parent
1,8,48,50,ls,parent
1,9,48,50,ls,parent
1,10,48,50,ls,parent
1,11,48,50,ls,parent
1,12,48,50,ls,parent
1,13,48,50,ls,parent
1,14,48,50,ls,parent
1,15,48,50,ls,parent
1,16,48,50,ls,parent
1,17,48,50,ls,parent
1,18,48,50,ls,parent
1,19,48,50,ls,parent
1,20,48,50,ls,parent
1,21,48,50,ls,parent
1,22,48,50,ls,parent
1,23,48,50,ls,parent
1,24,48,50,ls,parent
1,25,48,50,ls,parent
1,26,48,50,ls,parent
1,27,48,50,ls,parent
1,28,48,50,ls,parent
1,29,48,50,ls,parent
1,30,48,50,ls,parent
1,31,48,50,ls,parent
1,32,48,50,ls,parent
1,33,48,50,ls,parent
1,34,48,50,ls,parent
2,35,48,50,ls,parent
2,36,48,50,ls,parent
2,37,48,50,ls,parent
2,38,48,50,ls,parent
3,39,48,50,ls,parent
3,40,48,50,ls,parent
3,41,48,50,ls,parent
3,42,48,50,ls,parent
4,43,48,50,ls,parent
4,44,48,50,ls,parent
4,45,48,50,ls,parent
5,46,48,50,ls,parent
5,47,48,50,ls,parent
5,48,48,50,ls,parent
5,49,48,50,ls,parent
6,50,48,50,ls,parent
6,51,48,50,ls,parent
6,52,48,50,ls,parent
7,53,48,50,ls,parent
7,54,48,50,ls,parent
7,55,48,50,ls,parent
7,56,48,50,ls,parent
8,57,48,50,ls,parent
8,58,48,50,ls,parent
8,59,48,50,ls,parent
8,60,48,50,ls,parent
9,61,48,50,ls,parent
9,62,48,50,ls,parent
9,63,48,50,ls,parent
10,64,48,50,ls,parent
10,65,48,50,ls,parent
10,66,48,50,ls,parent
11,67,48,50,ls,parent
12,68,48,50,ls,parent
12,69,48,50,ls,parent
13,70,48,50,ls,parent
14,71,48,50,ls,parent
14,72,48,50,ls,parent
1,0,51,53,ls,parent
1,1,51,53,ls,parent
1,2,51,53,ls,parent
1,3,51,53,ls,parent
1,4,51,53,ls,parent
1,5,51,53,ls,parent
1,6,51,53,ls,parent
1,7,51,53,ls,parent
1,8,51,53,ls,parent
1,9,51,53,ls,parent
1,10,51,53,ls,parent
1,11,51,53,ls,parent
1,12,51,53,ls,parent
1,13,51,53,ls,parent
1,14,51,53,ls,parent
1,15,51,53,ls,parent
1,16,51,53,ls,parent
1,17,51,53,ls,parent
1,18,51,53,ls,parent
1,19,51,53,ls,parent
1,20,51,53,ls,parent
1,21,51,53,ls,parent
1,22,51,53,ls,parent
1,23,51,53,ls,parent
1,24,51,53,ls,parent
1,25,51,53,ls,parent
1,26,51,53,ls,parent
1,27,51,53,ls,parent
1,28,51,53,ls,parent
1,29,51,53,ls,parent
1,30,51,53,ls,parent
1,31,51,53,ls,parent
1,32,51,53,ls,parent
1,33,51,53,ls,parent
1,34,51,53,ls,parent
1,35,51,53,ls,parent
2,36,51,53,ls,parent
2,37,51,53,ls,parent
2,38,51,53,ls,parent
2,39,51,53,ls,parent
3,40,51,53,ls,parent
3,41,51,53,ls,parent
3,42,51,53,ls,parent
4,43,51,53,ls,parent
4,44,51,53,ls,parent
4,45,51,53,ls,parent
4,46,51,53,ls,parent
5,47,51,53,ls,parent
5,48,51,53,ls,parent
5,49,51,53,ls,parent
5,50,51,53,ls,parent
6,51,51,53,ls,parent
6,52,51,53,ls,parent
6,53,51,53,ls,parent
7,54,51,53,ls,parent
7,55,51,53,ls,parent
7,56,51,53,ls,parent
7,57,51,53,ls,parent
8,58,51,53,ls,parent
8,59,51,53,ls,parent
8,60,51,53,ls,parent
8,61,51,53,ls,parent
9,62,51,53,ls,parent
9,63,51,53,ls,parent
9,64,51,53,ls,parent
10,65,51,53,ls,parent
10,66,51,53,ls,parent
10,67,51,53,ls,parent
11,68,51,53,ls,parent
12,69,51,53,ls,parent
12,70,51,53,ls,parent
13,71,51,53,ls,parent
14,72,51,53,ls,parent
1,0,54,56,ls,parent
1,1,54,56,ls,parent
1,2,54,56,ls,parent
1,3,54,56,ls,parent
1,4,54,56,ls,parent
1,5,54,56,ls,parent
1,6,54,56,ls,parent
1,7,54,56,ls,parent
1,8,54,56,ls,parent
1,9,54,56,ls,parent
1,10,54,56,ls,parent
1,11,54,56,ls,parent
1,12,54,56,ls,parent
1,13,54,56,ls,parent
1,14,54,56,ls,parent
1,15,54,56,ls,parent
1,16,54,56,ls,parent
1,17,54,56,ls,parent
1,18,54,56,ls,parent
1,19,54,56,ls,parent
1,20,54,56,ls,parent
1,21,54,56,ls,parent
1,22,54,56,ls,parent
1,23,54,56,ls,parent
1,24,54,56,ls,parent
1,25,54,56,ls,parent
1,26,54,56,ls,parent
1,27,54,56,ls,parent
1,28,54,56,ls,parent
1,29,54,56,ls,parent
1,30,54,56,ls,parent
1,31,54,56,ls,parent
1,32,54,56,ls,parent
1,33,54,56,ls,parent
1,34,54,56,ls,parent
1,35,54,56,ls,parent
2,36,54,56,ls,parent
2,37,54,56,ls,parent
2,38,54,56,ls,parent
2,39,54,56,ls,parent
3,40,54,56,ls,parent
3,41,54,56,ls,parent
3,42,54,56,ls,parent
3,43,54,56,ls,parent
4,44,54,56,ls,parent
4,45,54,56,ls,parent
4,46,54,56,ls,parent
4,47,54,56,ls,parent
5,48,54,56,ls,parent
5,49,54,56,ls,parent
5,50,54,56,ls,parent
6,51,54,56,ls,parent
6,52,54,56,ls,parent
6,53,54,56,ls,parent
6,54,54,56,ls,parent
7,55,54,56,ls,parent
7,56,54,56,ls,parent
7,57,54,56,ls,parent
7,58,54,56,ls,parent
8,59,54,56,ls,parent
8,60,54,56,ls,parent
8,61,54,56,ls,parent
8,62,54,56,ls,parent
9,63,54,56,ls,parent
9,64,54,56,ls,parent
9,65,54,56,ls,parent
10,66,54,56,ls,parent
10,67,54,56,ls,parent
10,68,54,56,ls,parent
11,69,54,56,ls,parent
12,70,54,56,ls,parent
12,71,54,56,ls,parent
13,72,54,56,ls,parent
1,0,57,59,ls,parent
1,1,57,59,ls,parent
1,2,57,59,ls,parent
1,3,57,59,ls,parent
1,4,57,59,ls,parent
1,5,57,59,ls,parent
1,6,57,59,ls,parent
1,7,57,59,ls,parent
1,8,57,59,ls,parent
1,9,57,59,ls,parent
1,10,57,59,ls,parent
1,11,57,59,ls,parent
1,12,57,59,ls,parent
1,13,57,59,ls,parent
1,14,57,59,ls,parent
1,15,57,59,ls,parent
1,16,57,59,ls,parent
1,17,57,59,ls,parent
1,18,57,59,ls,parent
1,19,57,59,ls,parent
1,20,57,59,ls,parent
1,21,57,59,ls,parent
1,22,57,59,ls,parent
1,23,57,59,ls,parent
1,24,57,59,ls,parent
1,25,57,59,ls,parent
1,26,57,59,ls,parent
1,27,57,59,ls,parent
1,28,57,59,ls,parent
1,29,57,59,ls,parent
1,30,57,59,ls,parent
1,31,57,59,ls,parent
1,32,57,59,ls,parent
1,33,57,59,ls,parent
1,34,57,59,ls,parent
1,35,57,59,ls,parent
2,36,57,59,ls,parent
2,37,57,59,ls,parent
2,38,57,59,ls,parent
2,39,57,59,ls,parent
3,40,57,59,ls,parent
3,41,57,59,ls,parent
3,42,57,59,ls,parent
3,43,57,59,ls,parent
4,44,57,59,ls,parent
4,45,57,59,ls,parent
4,46,57,59,ls,parent
4,47,57,59,ls,parent
5,48,57,59,ls,parent
5,49,57,59,ls,parent
5,50,57,59,ls,parent
5,51,57,59,ls,parent
6,52,57,59,ls,parent
6,53,57,59,ls,parent
6,54,57,59,ls,parent
7,55,57,59,ls,parent
7,56,57,59,ls,parent
7,57,57,59,ls,parent
7,58,57,59,ls,parent
8,59,57,59,ls,parent
8,60,57,59,ls,parent
8,61,57,59,ls,parent
8,62,57,59,ls,parent
9,63,57,59,ls,parent
9,64,57,59,ls,parent
9,65,57,59,ls,parent
9,66,57,59,ls,parent
10,67,57,59,ls,parent
10,68,57,59,ls,parent
11,69,57,59,ls,parent
11,70,57,59,ls,parent
12,71,57,59,ls,parent
13,72,57,59,ls,parent
1,0,60,62,ls,parent
1,1,60,62,ls,parent
1,2,60,62,ls,parent
1,3,60,62,ls,parent
1,4,60,62,ls,parent
1,5,60,62,ls,parent
1,6,60,62,ls,parent
1,7,60,62,ls,parent
1,8,60,62,ls,parent
1,9,60,62,ls,parent
1,10,60,62,ls,parent
1,11,60,62,ls,parent
1,12,60,62,ls,parent
1,13,60,62,ls,parent
1,14,60,62,ls,parent
1,15,60,62,ls,parent
1,16,60,62,ls,parent
1,17,60,62,ls,parent
1,18,60,62,ls,parent
1,19,60,62,ls,parent
1,20,60,62,ls,parent
1,21,60,62,ls,parent
1,22,60,62,ls,parent
1,23,60,62,ls,parent
1,24,60,62,ls,parent
1,25,60,62,ls,parent
1,26,60,62,ls,parent
1,27,60,62,ls,parent
1,28,60,62,ls,parent
1,29,60,62,ls,parent
1,30,60,62,ls,parent
1,31,60,62,ls,parent
1,32,60,62,ls,parent
1,33,60,62,ls,parent
1,34,60,62,ls,parent
1,35,60,62,ls,parent
2,36,60,62,ls,parent
2,37,60,62,ls,parent
2,38,60,62,ls,parent
2,39,60,62,ls,parent
3,40,60,62,ls,parent
3,41,60,62,ls,parent
3,42,60,62,ls,parent
3,43,60,62,ls,parent
4,44,60,62,ls,parent
4,45,60,62,ls,parent
4,46,60,62,ls,parent
4,47,60,62,ls,parent
5,48,60,62,ls,parent
5,49,60,62,ls,parent
5,50,60,62,ls,parent
5,51,60,62,ls,parent
6,52,60,62,ls,parent
6,53,60,62,ls,parent
6,54,60,62,ls,parent
7,55,60,62,ls,parent
7,56,60,62,ls,parent
7,57,60,62,ls,parent
7,58,60,62,ls,parent
8,59,60,62,ls,parent
8,60,60,62,ls,parent
8,61,60,62,ls,parent
8,62,60,62,ls,parent
9,63,60,62,ls,parent
9,64,60,62,ls,parent
9,65,60,62,ls,parent
9,66,60,62,ls,parent
10,67,60,62,ls,parent
10,68,60,62,ls,parent
10,69,60,62,ls,parent
11,70,60,62,ls,parent
12,71,60,62,ls,parent
13,72,60,62,ls,parent
1,0,63,65,ls,parent
1,1,63,65,ls,parent
1,2,63,65,ls,parent
1,3,63,65,ls,parent
1,4,63,65,ls,parent
1,5,63,65,ls,parent
1,6,63,65,ls,parent
1,7,63,65,ls,parent
1,8,63,65,ls,parent
1,9,63,65,ls,parent
1,10,63,65,ls,parent
1,11,63,65,ls,parent
1,12,63,65,ls,parent
1,13,63,65,ls,parent
1,14,63,65,ls,parent
1,15,63,65,ls,parent
1,16,63,65,ls,parent
1,17,63,65,ls,parent
1,18,63,65,ls,parent
1,19,63,65,ls,parent
1,20,63,65,ls,parent
1,21,63,65,ls,parent
1,22,63,65,ls,parent
1,23,63,65,ls,parent
1,24,63,65,ls,parent
1,25,63,65,ls,parent
1,26,63,65,ls,parent
1,27,63,65,ls,parent
1,28,63,65,ls,parent
1,29,63,65,ls,parent
1,30,63,65,ls,parent
1,31,63,65,ls,parent
1,32,63,65,ls,parent
1,33,63,65,ls,parent
1,34,63,65,ls,parent
1,35,63,65,ls,parent
2,36,63,65,ls,parent
2,37,63,65,ls,parent
2,38,63,65,ls,parent
2,39,63,65,ls,parent
3,40,63,65,ls,parent
3,41,63,65,ls,parent
3,42,63,65,ls,parent
3,43,63,65,ls,parent
4,44,63,65,ls,parent
4,45,63,65,ls,parent
4,46,63,65,ls,parent
4,47,63,65,ls,parent
5,48,63,65,ls,parent
5,49,63,65,ls,parent
5,50,63,65,ls,parent
5,51,63,65,ls,parent
6,52,63,65,ls,parent
6,53,63,65,ls,parent
6,54,63,65,ls,parent
6,55,63,65,ls,parent
7,56,63,65,ls,parent
7,57,63,65,ls,parent
7,58,63,65,ls,parent
8,59,63,65,ls,parent
8,60,63,65,ls,parent
8,61,63,65,ls,parent
8,62,63,65,ls,parent
9,63,63,65,ls,parent
9,64,63,65,ls,parent
9,65,63,65,ls,parent
9,66,63,65,ls,parent
10,67,63,65,ls,parent
10,68,63,65,ls,parent
10,69,63,65,ls,parent
11,70,63,65,ls,parent
12,71,63,65,ls,parent
13,72,63,65,ls,parent
1,0,66,68,ls,parent
1,1,66,68,ls,parent
1,2,66,68,ls,parent
1,3,66,68,ls,parent
1,4,66,68,ls,parent
1,5,66,68,ls,parent
1,6,66,68,ls,parent
1,7,66,68,ls,parent
1,8,66,68,ls,parent
1,9,66,68,ls,parent
1,10,66,68,ls,parent
1,11,66,68,ls,parent
1,12,66,68,ls,parent
1,13,66,68,ls,parent
1,14,66,68,ls,parent
1,15,66,68,ls,parent
1,16,66,68,ls,parent
1,17,66,68,ls,parent
1,18,66,68,ls,parent
1,19,66,68,ls,parent
1,20,66,68,ls,parent
1,21,66,68,ls,parent
1,22,66,68,ls,parent
1,23,66,68,ls,parent
1,24,66,68,ls,parent
1,25,66,68,ls,parent
1,26,66,68,ls,parent
1,27,66,68,ls,parent
1,28,66,68,ls,parent
1,29,66,68,ls,parent
1,30,66,68,ls,parent
1,31,66,68,ls,parent
1,32,66,68,ls,parent
1,33,66,68,ls,parent
1,34,66,68,ls,parent
1,35,66,68,ls,parent
1,36,66,68,ls,parent
2,37,66,68,ls,parent
2,38,66,68,ls,parent
2,39,66,68,ls,parent
3,40,66,68,ls,parent
3,41,66,68,ls,parent
3,42,66,68,ls,parent
3,43,66,68,ls,parent
4,44,66,68,ls,parent
4,45,66,68,ls,parent
4,46,66,68,ls,parent
4,47,66,68,ls,parent
5,48,66,68,ls,parent
5,49,66,68,ls,parent
5,50,66,68,ls,parent
5,51,66,68,ls,parent
6,52,66,68,ls,parent
6,53,66,68,ls,parent
6,54,66,68,ls,parent
6,55,66,68,ls,parent
7,56,66,68,ls,parent
7,57,66,68,ls,parent
7,58,66,68,ls,parent
7,59,66,68,ls,parent
8,60,66,68,ls,parent
8,61,66,68,ls,parent
8,62,66,68,ls,parent
9,63,66,68,ls,parent
9,64,66,68,ls,parent
9,65,66,68,ls,parent
9,66,66,68,ls,parent
10,67,66,68,ls,parent
10,68,66,68,ls,parent
10,69,66,68,ls,parent
11,70,66,68,ls,parent
12,71,66,68,ls,parent
13,72,66,68,ls,parent
1,0,69,71,ls,parent
1,1,69,71,ls,parent
1,2,69,71,ls,parent
1,3,69,71,ls,parent
1,4,69,71,ls,parent
1,5,69,71,ls,parent
1,6,69,71,ls,parent
1,7,69,71,ls,parent
1,8,69,71,ls,parent
1,9,69,71,ls,parent
1,10,69,71,ls,parent
1,11,69,71,ls,parent
1,12,69,71,ls,parent
1,13,69,71,ls,parent
1,14,69,71,ls,parent
1,15,69,71,ls,parent
1,16,69,71,ls,parent
1,17,69,71,ls,parent
1,18,69,71,ls,parent
1,19,69,71,ls,parent
1,20,69,71,ls,parent
1,21,69,71,ls,parent
1,22,69,71,ls,parent
1,23,69,71,ls,parent
1,24,69,71,ls,parent
1,25,69,71,ls,parent
1,26,69,71,ls,parent
1,27,69,71,ls,parent
1,28,69,71,ls,parent
1,29,69,71,ls,parent
1,30,69,71,ls,parent
1,31,69,71,ls,parent
1,32,69,71,ls,parent
1,33,69,71,ls,parent
1,34,69,71,ls,parent
1,35,69,71,ls,parent
1,36,69,71,ls,parent
2,37,69,71,ls,parent
2,38,69,71,ls,parent
2,39,69,71,ls,parent
2,40,69,71,ls,parent
3,41,69,71,ls,parent
3,42,69,71,ls,parent
3,43,69,71,ls,parent
3,44,69,71,ls,parent
4,45,69,71,ls,parent
4,46,69,71,ls,parent
4,47,69,71,ls,parent
5,48,69,71,ls,parent
5,49,69,71,ls,parent
5,50,69,71,ls,parent
5,51,69,71,ls,parent
6,52,69,71,ls,parent
6,53,69,71,ls,parent
6,54,69,71,ls,parent
6,55,69,71,ls,parent
7,56,69,71,ls,parent
7,57,69,71,ls,parent
7,58,69,71,ls,parent
7,59,69,71,ls,parent
8,60,69,71,ls,parent
8,61,69,71,ls,parent
8,62,69,71,ls,parent
8,63,69,71,ls,parent
9,64,69,71,ls,parent
9,65,69,71,ls,parent
9,66,69,71,ls,parent
9,67,69,71,ls,parent
10,68,69,71,ls,parent
10,69,69,71,ls,parent
11,70,69,71,ls,parent
12,71,69,71,ls,parent
12,72,69,71,ls,parent
1,0,72,75,ls,parent
1,1,72,75,ls,parent
1,2,72,75,ls,parent
1,3,72,75,ls,parent
1,4,72,75,ls,parent
1,5,72,75,ls,parent
1,6,72,75,ls,parent
1,7,72,75,ls,parent
1,8,72,75,ls,parent
2,9,72,75,ls,parent
2,10,72,75,ls,parent
2,11,72,75,ls,parent
2,12,72,75,ls,parent
3,13,72,75,ls,parent
3,14,72,75,ls,parent
3,15,72,75,ls,parent
3,16,72,75,ls,parent
3,17,72,75,ls,parent
4,18,72,75,ls,parent
4,19,72,75,ls,parent
4,20,72,75,ls,parent
4,21,72,75,ls,parent
5,22,72,75,ls,parent
5,23,72,75,ls,parent
5,24,72,75,ls,parent
5,25,72,75,ls,parent
6,26,72,75,ls,parent
6,27,72,75,ls,parent
6,28,72,75,ls,parent
6,29,72,75,ls,parent
7,30,72,75,ls,parent
7,31,72,75,ls,parent
7,32,72,75,ls,parent
7,33,72,75,ls,parent
7,34,72,75,ls,parent
8,35,72,75,ls,parent
8,36,72,75,ls,parent
8,37,72,75,ls,parent
8,38,72,75,ls,parent
9,39,72,75,ls,parent
9,40,72,75,ls,parent
9,41,72,75,ls,parent
9,42,72,75,ls,parent
10,43,72,75,ls,parent
10,44,72,75,ls,parent
10,45,72,75,ls,parent
10,46,72,75,ls,parent
11,47,72,75,ls,parent
11,48,72,75,ls,parent
12,49,72,75,ls,parent
12,50,72,75,ls,parent
12,51,72,75,ls,parent
13,52,72,75,ls,parent
13,53,72,75,ls,parent
13,54,72,75,ls,parent
14,55,72,75,ls,parent
14,56,72,75,ls,parent
14,57,72,75,ls,parent
15,58,72,75,ls,parent
15,59,72,75,ls,parent
15,60,72,75,ls,parent
1,0,76,79,ls,parent
1,1,76,79,ls,parent
1,2,76,79,ls,parent
1,3,76,79,ls,parent
1,4,76,79,ls,parent
1,5,76,79,ls,parent
1,6,76,79,ls,parent
1,7,76,79,ls,parent
1,8,76,79,ls,parent
1,9,76,79,ls,parent
1,10,76,79,ls,parent
2,11,76,79,ls,parent
2,12,76,79,ls,parent
2,13,76,79,ls,parent
2,14,76,79,ls,parent
3,15,76,79,ls,parent
3,16,76,79,ls,parent
3,17,76,79,ls,parent
3,18,76,79,ls,parent
4,19,76,79,ls,parent
4,20,76,79,ls,parent
4,21,76,79,ls,parent
4,22,76,79,ls,parent
5,23,76,79,ls,parent
5,24,76,79,ls,parent
5,25,76,79,ls,parent
5,26,76,79,ls,parent
6,27,76,79,ls,parent
6,28,76,79,ls,parent
6,29,76,79,ls,parent
6,30,76,79,ls,parent
6,31,76,79,ls,parent
7,32,76,79,ls,parent
7,33,76,79,ls,parent
7,34,76,79,ls,parent
7,35,76,79,ls,parent
8,36,76,79,ls,parent
8,37,76,79,ls,parent
8,38,76,79,ls,parent
8,39,76,79,ls,parent
9,40,76,79,ls,parent
9,41,76,79,ls,parent
9,42,76,79,ls,parent
9,43,76,79,ls,parent
10,44,76,79,ls,parent
10,45,76,79,ls,parent
10,46,76,79,ls,parent
10,47,76,79,ls,parent
11,48,76,79,ls,parent
11,49,76,79,ls,parent
12,50,76,79,ls,parent
12,51,76,79,ls,parent
12,52,76,79,ls,parent
13,53,76,79,ls,parent
13,54,76,79,ls,parent
13,55,76,79,ls,parent
14,56,76,79,ls,parent
14,57,76,79,ls,parent
14,58,76,79,ls,parent
15,59,76,79,ls,parent
15,60,76,79,ls,parent
1,0,80,83,ls,parent
1,1,80,83,ls,parent
1,2,80,83,ls,parent
1,3,80,83,ls,parent
1,4,80,83,ls,parent
1,5,80,83,ls,parent
1,6,80,83,ls,parent
1,7,80,83,ls,parent
1,8,80,83,ls,parent
1,9,80,83,ls,parent
1,10,80,83,ls,parent
1,11,80,83,ls,parent
2,12,80,83,ls,parent
2,13,80,83,ls,parent
2,14,80,83,ls,parent
2,15,80,83,ls,parent
3,16,80,83,ls,parent
3,17,80,83,ls,parent
3,18,80,83,ls,parent
3,19,80,83,ls,parent
4,20,80,83,ls,parent
4,21,80,83,ls,parent
4,22,80,83,ls,parent
4,23,80,83,ls,parent
4,24,80,83,ls,parent
5,25,80,83,ls,parent
5,26,80,83,ls,parent
5,27,80,83,ls,parent
5,28,80,83,ls,parent
6,29,80,83,ls,parent
6,30,80,83,ls,parent
6,31,80,83,ls,parent
6,32,80,83,ls,parent
7,33,80,83,ls,parent
7,34,80,83,ls,parent
7,35,80,83,ls,parent
7,36,80,83,ls,parent
8,37,80,83,ls,parent
8,38,80,83,ls,parent
8,39,80,83,ls,parent
8,40,80,83,ls,parent
9,41,80,83,ls,parent
9,42,80,83,ls,parent
9,43,80,83,ls,parent
9,44,80,83,ls,parent
10,45,80,83,ls,parent
10,46,80,83,ls,parent
10,47,80,83,ls,parent
10,48,80,83,ls,parent
11,49,80,83,ls,parent
11,50,80,83,ls,parent
12,51,80,83,ls,parent
12,52,80,83,ls,parent
12,53,80,83,ls,parent
13,54,80,83,ls,parent
13,55,80,83,ls,parent
13,56,80,83,ls,parent
14,57,80,83,ls,parent
14,58,80,83,ls,parent
15,59,80,83,ls,parent
15,60,80,83,ls,parent
1,0,84,87,ls,parent
1,1,84,87,ls,parent
1,2,84,87,ls,parent
1,3,84,87,ls,parent
1,4,84,87,ls,parent
1,5,84,87,ls,parent
1,6,84,87,ls,parent
1,7,84,87,ls,parent
1,8,84,87,ls,parent
1,9,84,87,ls,parent
1,10,84,87,ls,parent
1,11,84,87,ls,parent
1,12,84,87,ls,parent
1,13,84,87,ls,parent
2,14,84,87,ls,parent
2,15,84,87,ls,parent
2,16,84,87,ls,parent
2,17,84,87,ls,parent
3,18,84,87,ls,parent
3,19,84,87,ls,parent
3,20,84,87,ls,parent
3,21,84,87,ls,parent
4,22,84,87,ls,parent
4,23,84,87,ls,parent
4,24,84,87,ls,parent
4,25,84,87,ls,parent
5,26,84,87,ls,parent
5,27,84,87,ls,parent
5,28,84,87,ls,parent
5,29,84,87,ls,parent
6,30,84,87,ls,parent
6,31,84,87,ls,parent
6,32,84,87,ls,parent
6,33,84,87,ls,parent
7,34,84,87,ls,parent
7,35,84,87,ls,parent
7,36,84,87,ls,parent
7,37,84,87,ls,parent
8,38,84,87,ls,parent
8,39,84,87,ls,parent
8,40,84,87,ls,parent
8,41,84,87,ls,parent
9,42,84,87,ls,parent
9,43,84,87,ls,parent
9,44,84,87,ls,parent
9,45,84,87,ls,parent
10,46,84,87,ls,parent
10,47,84,87,ls,parent
10,48,84,87,ls,parent
10,49,84,87,ls,parent
11,50,84,87,ls,parent
11,51,84,87,ls,parent
12,52,84,87,ls,parent
12,53,84,87,ls,parent
12,54,84,87,ls,parent
13,55,84,87,ls,parent
13,56,84,87,ls,parent
14,57,84,87,ls,parent
14,58,84,87,ls,parent
14,59,84,87,ls,parent
15,60,84,87,ls,parent
1,0,88,91,ls,parent
1,1,88,91,ls,parent
1,2,88,91,ls,parent
1,3,88,91,ls,parent
1,4,88,91,ls,parent
1,5,88,91,ls,parent
1,6,88,91,ls,parent
1,7,88,91,ls,parent
1,8,88,91,ls,parent
1,9,88,91,ls,parent
1,10,88,91,ls,parent
1,11,88,91,ls,parent
1,12,88,91,ls,parent
1,13,88,91,ls,parent
1,14,88,91,ls,parent
2,15,88,91,ls,parent
2,16,88,91,ls,parent
2,17,88,91,ls,parent
2,18,88,91,ls,parent
3,19,88,91,ls,parent
3,20,88,91,ls,parent
3,21,88,91,ls,parent
3,22,88,91,ls,parent
4,23,88,91,ls,parent
4,24,88,91,ls,parent
4,25,88,91,ls,parent
4,26,88,91,ls,parent
5,27,88,91,ls,parent
5,28,88,91,ls,parent
5,29,88,91,ls,parent
5,30,88,91,ls,parent
6,31,88,91,ls,parent
6,32,88,91,ls,parent
6,33,88,91,ls,parent
6,34,88,91,ls,parent
7,35,88,91,ls,parent
7,36,88,91,ls,parent
7,37,88,91,ls,parent
7,38,88,91,ls,parent
8,39,88,91,ls,parent
8,40,88,91,ls,parent
8,41,88,91,ls,parent
8,42,88,91,ls,parent
9,43,88,91,ls,parent
9,44,88,91,ls,parent
9,45,88,91,ls,parent
9,46,88,91,ls,parent
10,47,88,91,ls,parent
10,48,88,91,ls,parent
10,49,88,91,ls,parent
11,50,88,91,ls,parent
11,51,88,91,ls,parent
11,52,88,91,ls,parent
12,53,88,91,ls,parent
12,54,88,91,ls,parent
13,55,88,91,ls,parent
13,56,88,91,ls,parent
13,57,88,91,ls,parent
14,58,88,91,ls,parent
14,59,88,91,ls,parent
15,60,88,91,ls,parent
1,0,92,95,ls,parent
1,1,92,95,ls,parent
1,2,92,95,ls,parent
1,3,92,95,ls,parent
1,4,92,95,ls,parent
1,5,92,95,ls,parent
1,6,92,95,ls,parent
1,7,92,95,ls,parent
1,8,92,95,ls,parent
1,9,92,95,ls,parent
1,10,92,95,ls,parent
1,11,92,95,ls,parent
1,12,92,95,ls,parent
1,13,92,95,ls,parent
1,14,92,95,ls,parent
1,15,92,95,ls,parent
2,16,92,95,ls,parent
2,17,92,95,ls,parent
2,18,92,95,ls,parent
2,19,92,95,ls,parent
3,20,92,95,ls,parent
3,21,92,95,ls,parent
3,22,92,95,ls,parent
3,23,92,95,ls,parent
4,24,92,95,ls,parent
4,25,92,95,ls,parent
4,26,92,95,ls,parent
4,27,92,95,ls,parent
5,28,92,95,ls,parent
5,29,92,95,ls,parent
5,30,92,95,ls,parent
5,31,92,95,ls,parent
6,32,92,95,ls,parent
6,33,92,95,ls,parent
6,34,92,95,ls,parent
6,35,92,95,ls,parent
7,36,92,95,ls,parent
7,37,92,95,ls,parent
7,38,92,95,ls,parent
7,39,92,95,ls,parent
8,40,92,95,ls,parent
8,41,92,95,ls,parent
8,42,92,95,ls,parent
8,43,92,95,ls,parent
9,44,92,95,ls,parent
9,45,92,95,ls,parent
9,46,92,95,ls,parent
9,47,92,95,ls,parent
10,48,92,95,ls,parent
10,49,92,95,ls,parent
10,50,92,95,ls,parent
11,51,92,95,ls,parent
11,52,92,95,ls,parent
12,53,92,95,ls,parent
12,54,92,95,ls,parent
12,55,92,95,ls,parent
13,56,92,95,ls,parent
13,57,92,95,ls,parent
14,58,92,95,ls,parent
14,59,92,95,ls,parent
14,60,92,95,ls,parent
1,0,96,99,ls,parent
1,1,96,99,ls,parent
1,2,96,99,ls,parent
1,3,96,99,ls,parent
1,4,96,99,ls,parent
1,5,96,99,ls,parent
1,6,96,99,ls,parent
1,7,96,99,ls,parent
1,8,96,99,ls,parent
1,9,96,99,ls,parent
1,10,96,99,ls,parent
1,11,96,99,ls,parent
1,12,96,99,ls,parent
1,13,96,99,ls,parent
1,14,96,99,ls,parent
1,15,96,99,ls,parent
1,16,96,99,ls,parent
2,17,96,99,ls,parent
2,18,96,99,ls,parent
2,19,96,99,ls,parent
2,20,96,99,ls,parent
3,21,96,99,ls,parent
3,22,96,99,ls,parent
3,23,96,99,ls,parent
3,24,96,99,ls,parent
4,25,96,99,ls,parent
4,26,96,99,ls,parent
4,27,96,99,ls,parent
4,28,96,99,ls,parent
5,29,96,99,ls,parent
5,30,96,99,ls,parent
5,31,96,99,ls,parent
5,32,96,99,ls,parent
6,33,96,99,ls,parent
6,34,96,99,ls,parent
6,35,96,99,ls,parent
7,36,96,99,ls,parent
7,37,96,99,ls,parent
7,38,96,99,ls,parent
7,39,96,99,ls,parent
8,40,96,99,ls,parent
8,41,96,99,ls,parent
8,42,96,99,ls,parent
8,43,96,99,ls,parent
9,44,96,99,ls,parent
9,45,96,99,ls,parent
9,46,96,99,ls,parent
9,47,96,99,ls,parent
10,48,96,99,ls,parent
10,49,96,99,ls,parent
10,50,96,99,ls,parent
11,51,96,99,ls,parent
11,52,96,99,ls,parent
11,53,96,99,ls,parent
12,54,96,99,ls,parent
12,55,96,99,ls,parent
13,56,96,99,ls,parent
13,57,96,99,ls,parent
13,58,96,99,ls,parent
14,59,96,99,ls,parent
14,60,96,99,ls,parent
1,0,100,103,ls,parent
1,1,100,103,ls,parent
1,2,100,103,ls,parent
1,3,100,103,ls,parent
1,4,100,103,ls,parent
1,5,100,103,ls,parent
1,6,100,103,ls,parent
1,7,100,103,ls,parent
1,8,100,103,ls,parent
1,9,100,103,ls,parent
1,10,100,103,ls,parent
1,11,100,103,ls,parent
1,12,100,103,ls,parent
1,13,100,103,ls,parent
1,14,100,103,ls,parent
1,15,100,103,ls,parent
1,16,100,103,ls,parent
1,17,100,103,ls,parent
2,18,100,103,ls,parent
2,19,100,103,ls,parent
2,20,100,103,ls,parent
2,21,100,103,ls,parent
3,22,100,103,ls,parent
3,23,100,103,ls,parent
3,24,100,103,ls,parent
3,25,100,103,ls,parent
4,26,100,103,ls,parent
4,27,100,103,ls,parent
4,28,100,103,ls,parent
5,29,100,103,ls,parent
5,30,100,103,ls,parent
5,31,100,103,ls,parent
5,32,100,103,ls,parent
6,33,100,103,ls,parent
6,34,100,103,ls,parent
6,35,100,103,ls,parent
6,36,100,103,ls,parent
7,37,100,103,ls,parent
7,38,100,103,ls,parent
7,39,100,103,ls,parent
7,40,100,103,ls,parent
8,41,100,103,ls,parent
8,42,100,103,ls,parent
8,43,100,103,ls,parent
8,44,100,103,ls,parent
9,45,100,103,ls,parent
9,46,100,103,ls,parent
9,47,100,103,ls,parent
9,48,100,103,ls,parent
10,49,100,103,ls,parent
10,50,100,103,ls,parent
10,51,100,103,ls,parent
11,52,100,103,ls,parent
11,53,100,103,ls,parent
12,54,100,103,ls,parent
12,55,100,103,ls,parent
12,56,100,103,ls,parent
13,57,100,103,ls,parent
13,58,100,103,ls,parent
14,59,100,103,ls,parent
14,60,100,103,ls,parent
1,0,104,107,ls,parent
1,1,104,107,ls,parent
1,2,104,107,ls,parent
1,3,104,107,ls,parent
1,4,104,107,ls,parent
1,5,104,107,ls,parent
1,6,104,107,ls,parent
1,7,104,107,ls,parent
1,8,104,107,ls,parent
1,9,104,107,ls,parent
1,10,104,107,ls,parent
1,11,104,107,ls,parent
1,12,104,107,ls,parent
1,13,104,107,ls,parent
1,14,104,107,ls,parent
1,15,104,107,ls,parent
1,16,104,107,ls,parent
1,17,104,107,ls,parent
1,18,104,107,ls,parent
2,19,104,107,ls,parent
2,20,104,107,ls,parent
2,21,104,107,ls,parent
2,22,104,107,ls,parent
3,23,104,107,ls,parent
3,24,104,107,ls,parent
3,25,104,107,ls,parent
4,26,104,107,ls,parent
4,27,104,107,ls,parent
4,28,104,107,ls,parent
4,29,104,107,ls,parent
5,30,104,107,ls,parent
5,31,104,107,ls,parent
5,32,104,107,ls,parent
5,33,104,107,ls,parent
6,34,104,107,ls,parent
6,35,104,107,ls,parent
6,36,104,107,ls,parent
6,37,104,107,ls,parent
7,38,104,107,ls,parent
7,39,104,107,ls,parent
7,40,104,107,ls,parent
7,41,104,107,ls,parent
8,42,104,107,ls,parent
8,43,104,107,ls,parent
8,44,104,107,ls,parent
9,45,104,107,ls,parent
9,46,104,107,ls,parent
9,47,104,107,ls,parent
9,48,104,107,ls,parent
10,49,104,107,ls,parent
10,50,104,107,ls,parent
10,51,104,107,ls,parent
11,52,104,107,ls,parent
11,53,104,107,ls,parent
11,54,104,107,ls,parent
12,55,104,107,ls,parent
12,56,104,107,ls,parent
13,57,104,107,ls,parent
13,58,104,107,ls,parent
14,59,104,107,ls,parent
14,60,104,107,ls,parent
1,0,108,111,ls,parent
1,1,108,111,ls,parent
1,2,108,111,ls,parent
1,3,108,111,ls,parent
1,4,108,111,ls,parent
1,5,108,111,ls,parent
1,6,108,111,ls,parent
1,7,108,111,ls,parent
1,8,108,111,ls,parent
1,9,108,111,ls,parent
1,10,108,111,ls,parent
1,11,108,111,ls,parent
1,12,108,111,ls,parent
1,13,108,111,ls,parent
1,14,108,111,ls,parent
1,15,108,111,ls,parent
1,16,108,111,ls,parent
1,17,108,111,ls,parent
1,18,108,111,ls,parent
2,19,108,111,ls,parent
2,20,108,111,ls,parent
2,21,108,111,ls,parent
2,22,108,111,ls,parent
3,23,108,111,ls,parent
3,24,108,111,ls,parent
3,25,108,111,ls,parent
3,26,108,111,ls,parent
4,27,108,111,ls,parent
4,28,108,111,ls,parent
4,29,108,111,ls,parent
4,30,108,111,ls,parent
5,31,108,111,ls,parent
5,32,108,111,ls,parent
5,33,108,111,ls,parent
5,34,108,111,ls,parent
6,35,108,111,ls,parent
6,36,108,111,ls,parent
6,37,108,111,ls,parent
7,38,108,111,ls,parent
7,39,108,111,ls,parent
7,40,108,111,ls,parent
7,41,108,111,ls,parent
8,42,108,111,ls,parent
8,43,108,111,ls,parent
8,44,108,111,ls,parent
8,45,108,111,ls,parent
9,46,108,111,ls,parent
9,47,108,111,ls,parent
9,48,108,111,ls,parent
9,49,108,111,ls,parent
10,50,108,111,ls,parent
10,51,108,111,ls,parent
10,52,108,111,ls,parent
11,53,108,111,ls,parent
11,54,108,111,ls,parent
12,55,108,111,ls,parent
12,56,108,111,ls,parent
13,57,108,111,ls,parent
13,58,108,111,ls,parent
14,59,108,111,ls,parent
14,60,108,111,ls,parent
1,0,112,115,ls,parent
1,1,112,115,ls,parent
1,2,112,115,ls,parent
1,3,112,115,ls,parent
1,4,112,115,ls,parent
1,5,112,115,ls,parent
1,6,112,115,ls,parent
1,7,112,115,ls,parent
1,8,112,115,ls,parent
1,9,112,115,ls,parent
1,10,112,115,ls,parent
1,11,112,115,ls,parent
1,12,112,115,ls,parent
1,13,112,115,ls,parent
1,14,112,115,ls,parent
1,15,112,115,ls,parent
1,16,112,115,ls,parent
1,17,112,115,ls,parent
1,18,112,115,ls,parent
1,19,112,115,ls,parent
2,20,112,115,ls,parent
2,21,112,115,ls,parent
2,22,112,115,ls,parent
2,23,112,115,ls,parent
3,24,112,115,ls,parent
3,25,112,115,ls,parent
3,26,112,115,ls,parent
3,27,112,115,ls,parent
4,28,112,115,ls,parent
4,29,112,115,ls,parent
4,30,112,115,ls,parent
5,31,112,115,ls,parent
5,32,112,115,ls,parent
5,33,112,115,ls,parent
5,34,112,115,ls,parent
6,35,112,115,ls,parent
6,36,112,115,ls,parent
6,37,112,115,ls,parent
6,38,112,115,ls,parent
7,39,112,115,ls,parent
7,40,112,115,ls,parent
7,41,112,115,ls,parent
8,42,112,115,ls,parent
8,43,112,115,ls,parent
8,44,112,115,ls,parent
8,45,112,115,ls,parent
9,46,112,115,ls,parent
9,47,112,115,ls,parent
9,48,112,115,ls,parent
9,49,112,115,ls,parent
10,50,112,115,ls,parent
10,51,112,115,ls,parent
10,52,112,115,ls,parent
11,53,112,115,ls,parent
11,54,112,115,ls,parent
12,55,112,115,ls,parent
12,56,112,115,ls,parent
13,57,112,115,ls,parent
13,58,112,115,ls,parent
14,59,112,115,ls,parent
14,60,112,115,ls,parent
1,0,116,119,ls,parent
1,1,116,119,ls,parent
1,2,116,119,ls,parent
1,3,116,119,ls,parent
1,4,116,119,ls,parent
1,5,116,119,ls,parent
1,6,116,119,ls,parent
1,7,116,119,ls,parent
1,8,116,119,ls,parent
1,9,116,119,ls,parent
1,10,116,119,ls,parent
1,11,116,119,ls,parent
1,12,116,119,ls,parent
1,13,116,119,ls,parent
1,14,116,119,ls,parent
1,15,116,119,ls,parent
1,16,116,119,ls,parent
1,17,116,119,ls,parent
1,18,116,119,ls,parent
1,19,116,119,ls,parent
1,20,116,119,ls,parent
2,21,116,119,ls,parent
2,22,116,119,ls,parent
2,23,116,119,ls,parent
2,24,116,119,ls,parent
3,25,116,119,ls,parent
3,26,116,119,ls,parent
3,27,116,119,ls,parent
4,28,116,119,ls,parent
4,29,116,119,ls,parent
4,30,116,119,ls,parent
4,31,116,119,ls,parent
5,32,116,119,ls,parent
5,33,116,119,ls,parent
5,34,116,119,ls,parent
5,35,116,119,ls,parent
6,36,116,119,ls,parent
6,37,116,119,ls,parent
6,38,116,119,ls,parent
7,39,116,119,ls,parent
7,40,116,119,ls,parent
7,41,116,119,ls,parent
7,42,116,119,ls,parent
8,43,116,119,ls,parent
8,44,116,119,ls,parent
8,45,116,119,ls,parent
8,46,116,119,ls,parent
9,47,116,119,ls,parent
9,48,116,119,ls,parent
9,49,116,119,ls,parent
10,50,116,119,ls,parent
10,51,116,119,ls,parent
10,52,116,119,ls,parent
11,53,116,119,ls,parent
11,54,116,119,ls,parent
12,55,116,119,ls,parent
12,56,116,119,ls,parent
13,57,116,119,ls,parent
13,58,116,119,ls,parent
14,59,116,119,ls,parent
14,60,116,119,ls,parent
1,0,120,123,ls,parent
1,1,120,123,ls,parent
1,2,120,123,ls,parent
1,3,120,123,ls,parent
1,4,120,123,ls,parent
1,5,120,123,ls,parent
1,6,120,123,ls,parent
1,7,120,123,ls,parent
1,8,120,123,ls,parent
1,9,120,123,ls,parent
1,10,120,123,ls,parent
1,11,120,123,ls,parent
1,12,120,123,ls,parent
1,13,120,123,ls,parent
1,14,120,123,ls,parent
1,15,120,123,ls,parent
1,16,120,123,ls,parent
1,17,120,123,ls,parent
1,18,120,123,ls,parent
1,19,120,123,ls,parent
1,20,120,123,ls,parent
1,21,120,123,ls,parent
2,22,120,123,ls,parent
2,23,120,123,ls,parent
2,24,120,123,ls,parent
3,25,120,123,ls,parent
3,26,120,123,ls,parent
3,27,120,123,ls,parent
3,28,120,123,ls,parent
4,29,120,123,ls,parent
4,30,120,123,ls,parent
4,31,120,123,ls,parent
5,32,120,123,ls,parent
5,33,120,123,ls,parent
5,34,120,123,ls,parent
5,35,120,123,ls,parent
6,36,120,123,ls,parent
6,37,120,123,ls,parent
6,38,120,123,ls,parent
6,39,120,123,ls,parent
7,40,120,123,ls,parent
7,41,120,123,ls,parent
7,42,120,123,ls,parent
8,43,120,123,ls,parent
8,44,120,123,ls,parent
8,45,120,123,ls,parent
8,46,120,123,ls,parent
9,47,120,123,ls,parent
9,48,120,123,ls,parent
9,49,120,123,ls,parent
10,50,120,123,ls,parent
10,51,120,123,ls,parent
10,52,120,123,ls,parent
11,53,120,123,ls,parent
11,54,120,123,ls,parent
12,55,120,123,ls,parent
12,56,120,123,ls,parent
13,57,120,123,ls,parent
13,58,120,123,ls,parent
14,59,120,123,ls,parent
14,60,120,123,ls,parent
1,0,124,127,ls,parent
1,1,124,127,ls,parent
1,2,124,127,ls,parent
1,3,124,127,ls,parent
1,4,124,127,ls,parent
1,5,124,127,ls,parent
1,6,124,127,ls,parent
1,7,124,127,ls,parent
1,8,124,127,ls,parent
1,9,124,127,ls,parent
1,10,124,127,ls,parent
1,11,124,127,ls,parent
1,12,124,127,ls,parent
1,13,124,127,ls,parent
1,14,124,127,ls,parent
1,15,124,127,ls,parent
1,16,124,127,ls,parent
1,17,124,127,ls,parent
1,18,124,127,ls,parent
1,19,124,127,ls,parent
1,20,124,127,ls,parent
1,21,124,127,ls,parent
2,22,124,127,ls,parent
2,23,124,127,ls,parent
2,24,124,127,ls,parent
2,25,124,127,ls,parent
3,26,124,127,ls,parent
3,27,124,127,ls,parent
3,28,124,127,ls,parent
4,29,124,127,ls,parent
4,30,124,127,ls,parent
4,31,124,127,ls,parent
4,32,124,127,ls,parent
5,33,124,127,ls,parent
5,34,124,127,ls,parent
5,35,124,127,ls,parent
6,36,124,127,ls,parent
6,37,124,127,ls,parent
6,38,124,127,ls,parent
6,39,124,127,ls,parent
7,40,124,127,ls,parent
7,41,124,127,ls,parent
7,42,124,127,ls,parent
7,43,124,127,ls,parent
8,44,124,127,ls,parent
8,45,124,127,ls,parent
8,46,124,127,ls,parent
9,47,124,127,ls,parent
9,48,124,127,ls,parent
9,49,124,127,ls,parent
9,50,124,127,ls,parent
10,51,124,127,ls,parent
10,52,124,127,ls,parent
11,53,124,127,ls,parent
11,54,124,127,ls,parent
12,55,124,127,ls,parent
12,56,124,127,ls,parent
13,57,124,127,ls,parent
13,58,124,127,ls,parent
14,59,124,127,ls,parent
14,60,124,127,ls,parent
1,0,128,131,ls,parent
1,1,128,131,ls,parent
1,2,128,131,ls,parent
1,3,128,131,ls,parent
1,4,128,131,ls,parent
1,5,128,131,ls,parent
1,6,128,131,ls,parent
1,7,128,131,ls,parent
1,8,128,131,ls,parent
1,9,128,131,ls,parent
1,10,128,131,ls,parent
1,11,128,131,ls,parent
1,12,128,131,ls,parent
1,13,128,131,ls,parent
1,14,128,131,ls,parent
1,15,128,131,ls,parent
1,16,128,131,ls,parent
1,17,128,131,ls,parent
1,18,128,131,ls,parent
1,19,128,131,ls,parent
1,20,128,131,ls,parent
1,21,128,131,ls,parent
1,22,128,131,ls,parent
2,23,128,131,ls,parent
2,24,128,131,ls,parent
2,25,128,131,ls,parent
3,26,128,131,ls,parent
3,27,128,131,ls,parent
3,28,128,131,ls,parent
3,29,128,131,ls,parent
4,30,128,131,ls,parent
4,31,128,131,ls,parent
4,32,128,131,ls,parent
5,33,128,131,ls,parent
5,34,128,131,ls,parent
5,35,128,131,ls,parent
5,36,128,131,ls,parent
6,37,128,131,ls,parent
6,38,128,131,ls,parent
6,39,128,131,ls,parent
7,40,128,131,ls,parent
7,41,128,131,ls,parent
7,42,128,131,ls,parent
7,43,128,131,ls,parent
8,44,128,131,ls,parent
8,45,128,131,ls,parent
8,46,128,131,ls,parent
9,47,128,131,ls,parent
9,48,128,131,ls,parent
9,49,128,131,ls,parent
9,50,128,131,ls,parent
10,51,128,131,ls,parent
10,52,128,131,ls,parent
10,53,128,131,ls,parent
11,54,128,131,ls,parent
12,55,128,131,ls,parent
12,56,128,131,ls,parent
13,57,128,131,ls,parent
13,58,128,131,ls,parent
14,59,128,131,ls,parent
14,60,128,131,ls,parent
1,0,132,135,ls,parent
1,1,132,135,ls,parent
1,2,132,135,ls,parent
1,3,132,135,ls,parent
1,4,132,135,ls,parent
1,5,132,135,ls,parent
1,6,132,135,ls,parent
1,7,132,135,ls,parent
1,8,132,135,ls,parent
1,9,132,135,ls,parent
1,10,132,135,ls,parent
1,11,132,135,ls,parent
1,12,132,135,ls,parent
1,13,132,135,ls,parent
1,14,132,135,ls,parent
1,15,132,135,ls,parent
1,16,132,135,ls,parent
1,17,132,135,ls,parent
1,18,132,135,ls,parent
1,19,132,135,ls,parent
1,20,132,135,ls,parent
1,21,132,135,ls,parent
1,22,132,135,ls,parent
1,23,132,135,ls,parent
2,24,132,135,ls,parent
2,25,132,135,ls,parent
2,26,132,135,ls,parent
3,27,132,135,ls,parent
3,28,132,135,ls,parent
3,29,132,135,ls,parent
4,30,132,135,ls,parent
4,31,132,135,ls,parent
4,32,132,135,ls,parent
4,33,132,135,ls,parent
5,34,132,135,ls,parent
5,35,132,135,ls,parent
5,36,132,135,ls,parent
6,37,132,135,ls,parent
6,38,132,135,ls,parent
6,39,132,135,ls,parent
6,40,132,135,ls,parent
7,41,132,135,ls,parent
7,42,132,135,ls,parent
7,43,132,135,ls,parent
8,44,132,135,ls,parent
8,45,132,135,ls,parent
8,46,132,135,ls,parent
8,47,132,135,ls,parent
9,48,132,135,ls,parent
9,49,132,135,ls,parent
9,50,132,135,ls,parent
10,51,132,135,ls,parent
10,52,132,135,ls,parent
10,53,132,135,ls,parent
11,54,132,135,ls,parent
11,55,132,135,ls,parent
12,56,132,135,ls,parent
13,57,132,135,ls,parent
13,58,132,135,ls,parent
14,59,132,135,ls,parent
14,60,132,135,ls,parent
1,0,136,139,ls,parent
1,1,136,139,ls,parent
1,2,136,139,ls,parent
1,3,136,139,ls,parent
1,4,136,139,ls,parent
1,5,136,139,ls,parent
1,6,136,139,ls,parent
1,7,136,139,ls,parent
1,8,136,139,ls,parent
1,9,136,139,ls,parent
1,10,136,139,ls,parent
1,11,136,139,ls,parent
1,12,136,139,ls,parent
1,13,136,139,ls,parent
1,14,136,139,ls,parent
1,15,136,139,ls,parent
1,16,136,139,ls,parent
1,17,136,139,ls,parent
1,18,136,139,ls,parent
1,19,136,139,ls,parent
1,20,136,139,ls,parent
1,21,136,139,ls,parent
1,22,136,139,ls,parent
1,23,136,139,ls,parent
2,24,136,139,ls,parent
2,25,136,139,ls,parent
2,26,136,139,ls,parent
2,27,136,139,ls,parent
3,28,136,139,ls,parent
3,29,136,139,ls,parent
3,30,136,139,ls,parent
4,31,136,139,ls,parent
4,32,136,139,ls,parent
4,33,136,139,ls,parent
5,34,136,139,ls,parent
5,35,136,139,ls,parent
5,36,136,139,ls,parent
5,37,136,139,ls,parent
6,38,136,139,ls,parent
6,39,136,139,ls,parent
6,40,136,139,ls,parent
7,41,136,139,ls,parent
7,42,136,139,ls,parent
7,43,136,139,ls,parent
7,44,136,139,ls,parent
8,45,136,139,ls,parent
8,46,136,139,ls,parent
8,47,136,139,ls,parent
9,48,136,139,ls,parent
9,49,136,139,ls,parent
9,50,136,139,ls,parent
10,51,136,139,ls,parent
10,52,136,139,ls,parent
10,53,136,139,ls,parent
11,54,136,139,ls,parent
11,55,136,139,ls,parent
12,56,136,139,ls,parent
13,57,136,139,ls,parent
13,58,136,139,ls,parent
14,59,136,139,ls,parent
14,60,136,139,ls,parent
1,0,140,143,ls,parent
1,1,140,143,ls,parent
1,2,140,144,ls,parent
1,3,140,143,ls,parent
1,4,140,143,ls,parent
1,5,140,143,ls,parent
1,6,140,143,ls,parent
1,7,140,143,ls,parent
1,8,140,143,ls,parent
1,9,140,143,ls,parent
1,10,140,144,ls,parent
1,11,140,143,ls,parent
1,12,140,143,ls,parent
1,13,140,143,ls,parent
1,14,140,143,ls,parent
1,15,140,143,ls,parent
1,16,140,143,ls,parent
1,17,140,143,ls,parent
1,18,140,144,ls,parent
1,19,140,143,ls,parent
1,20,140,143,ls,parent
1,21,140,143,ls,parent
1,22,140,143,ls,parent
1,23,140,143,ls,parent
1,24,140,143,ls,parent
2,25,140,144,ls,parent
2,26,140,143,ls,parent
2,27,140,143,ls,parent
3,28,140,143,ls,parent
3,29,140,143,ls,parent
3,30,140,143,ls,parent
3,31,140,143,ls,parent
4,32,140,143,ls,parent
4,33,140,144,ls,parent
4,34,140,143,ls,parent
5,35,140,143,ls,parent
5,36,140,143,ls,parent
5,37,140,143,ls,parent
6,38,140,143,ls,parent
6,39,140,143,ls,parent
6,40,140,143,ls,parent
6,41,140,144,ls,parent
7,42,140,143,ls,parent
7,43,140,143,ls,parent
7,44,140,143,ls,parent
8,45,140,143,ls,parent
8,46,140,143,ls,parent
8,47,140,143,ls,parent
9,48,140,143,ls,parent
9,49,140,144,ls,parent
9,50,140,143,ls,parent
9,51,140,143,ls,parent
10,52,140,143,ls,parent
10,53,140,143,ls,parent
11,54,140,143,ls,parent
11,55,140,143,ls,parent
12,56,140,143,ls,parent
13,57,140,144,ls,parent
13,58,140,143,ls,parent
14,59,140,143,ls,parent
14,60,140,143,ls,parent
1,0,144,147,ls,parent
1,1,144,147,ls,parent
1,2,144,147,ls,parent
1,3,144,147,ls,parent
1,4,144,147,ls,parent
1,5,144,147,ls,parent
1,6,144,147,ls,parent
1,7,144,147,ls,parent
1,8,144,147,ls,parent
1,9,144,147,ls,parent
1,10,144,147,ls,parent
1,11,144,147,ls,parent
1,12,144,147,ls,parent
1,13,144,147,ls,parent
1,14,144,147,ls,parent
1,15,144,147,ls,parent
1,16,144,147,ls,parent
1,17,144,147,ls,parent
1,18,144,147,ls,parent
1,19,144,147,ls,parent
1,20,144,147,ls,parent
1,21,144,147,ls,parent
1,22,144,147,ls,parent
1,23,144,147,ls,parent
1,24,144,147,ls,parent
1,25,144,147,ls,parent
2,26,144,147,ls,parent
2,27,144,147,ls,parent
2,28,144,147,ls,parent
3,29,144,147,ls,parent
3,30,144,147,ls,parent
3,31,144,147,ls,parent
4,32,144,147,ls,parent
4,33,144,147,ls,parent
4,34,144,147,ls,parent
4,35,144,147,ls,parent
5,36,144,147,ls,parent
5,37,144,147,ls,parent
5,38,144,147,ls,parent
6,39,144,147,ls,parent
6,40,144,147,ls,parent
6,41,144,147,ls,parent
7,42,144,147,ls,parent
7,43,144,147,ls,parent
7,44,144,147,ls,parent
8,45,144,147,ls,parent
8,46,144,147,ls,parent
8,47,144,147,ls,parent
8,48,144,147,ls,parent
9,49,144,147,ls,parent
9,50,144,147,ls,parent
9,51,144,147,ls,parent
10,52,144,147,ls,parent
10,53,144,147,ls,parent
11,54,144,147,ls,parent
11,55,144,147,ls,parent
12,56,144,147,ls,parent
12,57,144,147,ls,parent
13,58,144,147,ls,parent
14,59,144,147,ls,parent
14,60,144,147,ls,parent
1,0,148,151,ls,parent
1,1,148,151,ls,parent
1,2,148,151,ls,parent
1,3,148,151,ls,parent
1,4,148,151,ls,parent
1,5,148,151,ls,parent
1,6,148,151,ls,parent
1,7,148,151,ls,parent
1,8,148,151,ls,parent
1,9,148,151,ls,parent
1,10,148,151,ls,parent
1,11,148,151,ls,parent
1,12,148,151,ls,parent
1,13,148,151,ls,parent
1,14,148,151,ls,parent
1,15,148,151,ls,parent
1,16,148,151,ls,parent
1,17,148,151,ls,parent
1,18,148,151,ls,parent
1,19,148,151,ls,parent
1,20,148,151,ls,parent
1,21,148,151,ls,parent
1,22,148,151,ls,parent
1,23,148,151,ls,parent
1,24,148,151,ls,parent
1,25,148,151,ls,parent
1,26,148,151,ls,parent
1,27,148,151,ls,parent
1,28,148,151,ls,parent
1,29,148,151,ls,parent
1,30,148,151,ls,parent
1,31,148,151,ls,parent
1,32,148,151,ls,parent
1,33,148,151,ls,parent
1,34,148,151,ls,parent
1,35,148,151,ls,parent
2,36,148,151,ls,parent
2,37,148,151,ls,parent
2,38,148,151,ls,parent
2,39,148,151,ls,parent
3,40,148,151,ls,parent
3,41,148,151,ls,parent
3,42,148,151,ls,parent
4,43,148,151,ls,parent
4,44,148,151,ls,parent
4,45,148,151,ls,parent
4,46,148,151,ls,parent
5,47,148,151,ls,parent
5,48,148,151,ls,parent
5,49,148,151,ls,parent
5,50,148,151,ls,parent
6,51,148,151,ls,parent
6,52,148,151,ls,parent
6,53,148,151,ls,parent
6,54,148,151,ls,parent
7,55,148,151,ls,parent
7,56,148,151,ls,parent
7,57,148,151,ls,parent
8,58,148,151,ls,parent
8,59,148,151,ls,parent
8,60,148,151,ls,parent
8,61,148,151,ls,parent
9,62,148,151,ls,parent
9,63,148,151,ls,parent
9,64,148,151,ls,parent
9,65,148,151,ls,parent
10,66,148,151,ls,parent
10,67,148,151,ls,parent
11,68,148,151,ls,parent
11,69,148,151,ls,parent
12,70,148,151,ls,parent
12,71,148,151,ls,parent
13,72,148,151,ls,parent
1,0,152,155,ls,parent
1,1,152,155,ls,parent
1,2,152,155,ls,parent
1,3,152,155,ls,parent
1,4,152,155,ls,parent
1,5,152,155,ls,parent
1,6,152,155,ls,parent
1,7,152,155,ls,parent
1,8,152,155,ls,parent
1,9,152,155,ls,parent
1,10,152,155,ls,parent
1,11,152,155,ls,parent
1,12,152,155,ls,parent
1,13,152,155,ls,parent
1,14,152,155,ls,parent
1,15,152,155,ls,parent
1,16,152,155,ls,parent
1,17,152,155,ls,parent
1,18,152,155,ls,parent
1,19,152,155,ls,parent
1,20,152,155,ls,parent
1,21,152,155,ls,parent
1,22,152,155,ls,parent
1,23,152,155,ls,parent
1,24,152,155,ls,parent
1,25,152,155,ls,parent
1,26,152,155,ls,parent
1,27,152,155,ls,parent
1,28,152,155,ls,parent
1,29,152,155,ls,parent
1,30,152,155,ls,parent
1,31,152,155,ls,parent
1,32,152,155,ls,parent
1,33,152,155,ls,parent
1,34,152,155,ls,parent
1,35,152,155,ls,parent
1,36,152,155,ls,parent
2,37,152,155,ls,parent
2,38,152,155,ls,parent
2,39,152,155,ls,parent
3,40,152,155,ls,parent
3,41,152,155,ls,parent
3,42,152,155,ls,parent
3,43,152,155,ls,parent
4,44,152,155,ls,parent
4,45,152,155,ls,parent
4,46,152,155,ls,parent
4,47,152,155,ls,parent
5,48,152,155,ls,parent
5,49,152,155,ls,parent
5,50,152,155,ls,parent
6,51,152,155,ls,parent
6,52,152,155,ls,parent
6,53,152,155,ls,parent
6,54,152,155,ls,parent
7,55,152,155,ls,parent
7,56,152,155,ls,parent
7,57,152,155,ls,parent
7,58,152,155,ls,parent
8,59,152,155,ls,parent
8,60,152,155,ls,parent
8,61,152,155,ls,parent
9,62,152,155,ls,parent
9,63,152,155,ls,parent
9,64,152,155,ls,parent
9,65,152,155,ls,parent
10,66,152,155,ls,parent
10,67,152,155,ls,parent
10,68,152,155,ls,parent
11,69,152,155,ls,parent
11,70,152,155,ls,parent
12,71,152,155,ls,parent
13,72,152,155,ls,parent
1,0,156,167,ls,parent
1,1,156,167,ls,parent
1,2,156,167,ls,parent
1,3,156,167,ls,parent
1,4,156,167,ls,parent
1,5,156,167,ls,parent
1,6,156,167,ls,parent
1,7,156,167,ls,parent
1,8,156,167,ls,parent
1,9,156,167,ls,parent
1,10,156,167,ls,parent
1,11,156,167,ls,parent
1,12,156,167,ls,parent
1,13,156,167,ls,parent
1,14,156,167,ls,parent
1,15,156,167,ls,parent
1,16,156,167,ls,parent
1,17,156,167,ls,parent
1,18,156,167,ls,parent
1,19,156,167,ls,parent
1,20,156,167,ls,parent
1,21,156,167,ls,parent
1,22,156,167,ls,parent
1,23,156,167,ls,parent
1,24,156,167,ls,parent
1,25,156,167,ls,parent
1,26,156,167,ls,parent
1,27,156,167,ls,parent
1,28,156,167,ls,parent
1,29,156,167,ls,parent
1,30,156,167,ls,parent
1,31,156,167,ls,parent
1,32,156,167,ls,parent
1,33,156,167,ls,parent
1,34,156,167,ls,parent
1,35,156,167,ls,parent
1,36,156,167,ls,parent
2,37,156,167,ls,parent
2,38,156,167,ls,parent
2,39,156,167,ls,parent
2,40,156,167,ls,parent
3,41,156,167,ls,parent
3,42,156,167,ls,parent
3,43,156,167,ls,parent
3,44,156,167,ls,parent
4,45,156,167,ls,parent
4,46,156,167,ls,parent
4,47,156,167,ls,parent
5,48,156,167,ls,parent
5,49,156,167,ls,parent
5,50,156,167,ls,parent
5,51,156,167,ls,parent
6,52,156,167,ls,parent
6,53,156,167,ls,parent
6,54,156,167,ls,parent
7,55,156,167,ls,parent
7,56,156,167,ls,parent
7,57,156,167,ls,parent
7,58,156,167,ls,parent
8,59,156,167,ls,parent
8,60,156,167,ls,parent
8,61,156,167,ls,parent
8,62,156,167,ls,parent
9,63,156,167,ls,parent
9,64,156,167,ls,parent
9,65,156,167,ls,parent
10,66,156,167,ls,parent
10,67,156,167,ls,parent
10,68,156,167,ls,parent
11,69,156,167,ls,parent
11,70,156,167,ls,parent
12,71,156,167,ls,parent
12,72,156,167,ls,parent
1,0,168,179,ls,parent
1,1,168,179,ls,parent
1,2,168,179,ls,parent
1,3,168,179,ls,parent
1,4,168,179,ls,parent
1,5,168,179,ls,parent
1,6,168,179,ls,parent
1,7,168,179,ls,parent
1,8,168,179,ls,parent
1,9,168,179,ls,parent
1,10,168,179,ls,parent
1,11,168,179,ls,parent
1,12,168,179,ls,parent
1,13,168,179,ls,parent
1,14,168,179,ls,parent
1,15,168,179,ls,parent
1,16,168,179,ls,parent
1,17,168,179,ls,parent
1,18,168,179,ls,parent
1,19,168,179,ls,parent
1,20,168,179,ls,parent
1,21,168,179,ls,parent
1,22,168,179,ls,parent
1,23,168,179,ls,parent
1,24,168,179,ls,parent
1,25,168,179,ls,parent
1,26,168,179,ls,parent
1,27,168,179,ls,parent
1,28,168,179,ls,parent
1,29,168,179,ls,parent
1,30,168,179,ls,parent
1,31,168,179,ls,parent
1,32,168,179,ls,parent
1,33,168,179,ls,parent
1,34,168,179,ls,parent
1,35,168,179,ls,parent
1,36,168,179,ls,parent
1,37,168,179,ls,parent
2,38,168,179,ls,parent
2,39,168,179,ls,parent
2,40,168,179,ls,parent
2,41,168,179,ls,parent
3,42,168,179,ls,parent
3,43,168,179,ls,parent
3,44,168,179,ls,parent
4,45,168,179,ls,parent
4,46,168,179,ls,parent
4,47,168,179,ls,parent
4,48,168,179,ls,parent
5,49,168,179,ls,parent
5,50,168,179,ls,parent
5,51,168,179,ls,parent
6,52,168,179,ls,parent
6,53,168,179,ls,parent
6,54,168,179,ls,parent
6,55,168,179,ls,parent
7,56,168,179,ls,parent
7,57,168,179,ls,parent
7,58,168,179,ls,parent
7,59,168,179,ls,parent
8,60,168,179,ls,parent
8,61,168,179,ls,parent
8,62,168,179,ls,parent
9,63,168,179,ls,parent
9,64,168,179,ls,parent
9,65,168,179,ls,parent
9,66,168,179,ls,parent
10,67,168,179,ls,parent
10,68,168,179,ls,parent
10,69,168,179,ls,parent
11,70,168,179,ls,parent
12,71,168,179,ls,parent
12,72,168,179,ls,parent
1,0,180,191,ls,parent
1,1,180,191,ls,parent
1,2,180,191,ls,parent
1,3,180,191,ls,parent
1,4,180,191,ls,parent
1,5,180,191,ls,parent
1,6,180,191,ls,parent
1,7,180,191,ls,parent
1,8,180,191,ls,parent
1,9,180,191,ls,parent
1,10,180,191,ls,parent
1,11,180,191,ls,parent
1,12,180,191,ls,parent
1,13,180,191,ls,parent
1,14,180,191,ls,parent
1,15,180,191,ls,parent
1,16,180,191,ls,parent
1,17,180,191,ls,parent
1,18,180,191,ls,parent
1,19,180,191,ls,parent
1,20,180,191,ls,parent
1,21,180,191,ls,parent
1,22,180,191,ls,parent
1,23,180,191,ls,parent
1,24,180,191,ls,parent
1,25,180,191,ls,parent
1,26,180,191,ls,parent
1,27,180,191,ls,parent
1,28,180,191,ls,parent
1,29,180,191,ls,parent
1,30,180,191,ls,parent
1,31,180,191,ls,parent
1,32,180,191,ls,parent
1,33,180,191,ls,parent
1,34,180,191,ls,parent
1,35,180,191,ls,parent
1,36,180,191,ls,parent
1,37,180,191,ls,parent
1,38,180,191,ls,parent
2,39,180,191,ls,parent
2,40,180,191,ls,parent
2,41,180,191,ls,parent
2,42,180,191,ls,parent
3,43,180,191,ls,parent
3,44,180,191,ls,parent
3,45,180,191,ls,parent
4,46,180,191,ls,parent
4,47,180,191,ls,parent
4,48,180,191,ls,parent
4,49,180,191,ls,parent
5,50,180,191,ls,parent
5,51,180,191,ls,parent
5,52,180,191,ls,parent
6,53,180,191,ls,parent
6,54,180,191,ls,parent
6,55,180,191,ls,parent
6,56,180,191,ls,parent
7,57,180,191,ls,parent
7,58,180,191,ls,parent
7,59,180,191,ls,parent
8,60,180,191,ls,parent
8,61,180,191,ls,parent
8,62,180,191,ls,parent
8,63,180,191,ls,parent
9,64,180,191,ls,parent
9,65,180,191,ls,parent
9,66,180,191,ls,parent
10,67,180,191,ls,parent
10,68,180,191,ls,parent
10,69,180,191,ls,parent
11,70,180,191,ls,parent
11,71,180,191,ls,parent
12,72,180,191,ls,parent
1,0,192,203,ls,parent
1,1,192,203,ls,parent
1,2,192,203,ls,parent
1,3,192,203,ls,parent
1,4,192,203,ls,parent
1,5,192,203,ls,parent
1,6,192,203,ls,parent
1,7,192,203,ls,parent
1,8,192,203,ls,parent
1,9,192,203,ls,parent
1,10,192,203,ls,parent
1,11,192,203,ls,parent
1,12,192,203,ls,parent
1,13,192,203,ls,parent
1,14,192,203,ls,parent
1,15,192,203,ls,parent
1,16,192,203,ls,parent
1,17,192,203,ls,parent
1,18,192,203,ls,parent
1,19,192,203,ls,parent
1,20,192,203,ls,parent
1,21,192,203,ls,parent
1,22,192,203,ls,parent
1,23,192,203,ls,parent
1,24,192,203,ls,parent
1,25,192,203,ls,parent
1,26,192,203,ls,parent
1,27,192,203,ls,parent
1,28,192,203,ls,parent
1,29,192,203,ls,parent
1,30,192,203,ls,parent
1,31,192,203,ls,parent
1,32,192,203,ls,parent
1,33,192,203,ls,parent
1,34,192,203,ls,parent
1,35,192,203,ls,parent
1,36,192,203,ls,parent
1,37,192,203,ls,parent
1,38,192,203,ls,parent
1,39,192,203,ls,parent
2,40,192,203,ls,parent
2,41,192,203,ls,parent
2,42,192,203,ls,parent
3,43,192,203,ls,parent
3,44,192,203,ls,parent
3,45,192,203,ls,parent
3,46,192,203,ls,parent
4,47,192,203,ls,parent
4,48,192,203,ls,parent
4,49,192,203,ls,parent
5,50,192,203,ls,parent
5,51,192,203,ls,parent
5,52,192,203,ls,parent
5,53,192,203,ls,parent
6,54,192,203,ls,parent
6,55,192,203,ls,parent
6,56,192,203,ls,parent
6,57,192,203,ls,parent
7,58,192,203,ls,parent
7,59,192,203,ls,parent
7,60,192,203,ls,parent
8,61,192,203,ls,parent
8,62,192,203,ls,parent
8,63,192,203,ls,parent
8,64,192,203,ls,parent
9,65,192,203,ls,parent
9,66,192,203,ls,parent
9,67,192,203,ls,parent
10,68,192,203,ls,parent
10,69,192,203,ls,parent
10,70,192,203,ls,parent
11,71,192,203,ls,parent
11,72,192,203,ls,parent
1,0,204,252,ls,parent
1,1,204,252,ls,parent
1,2,204,252,ls,parent
1,3,204,252,ls,parent
1,4,204,252,ls,parent
1,5,204,252,ls,parent
1,6,204,252,ls,parent
1,7,204,252,ls,parent
1,8,204,252,ls,parent
1,9,204,252,ls,parent
1,10,204,252,ls,parent
1,11,204,252,ls,parent
1,12,204,252,ls,parent
1,13,204,252,ls,parent
1,14,204,252,ls,parent
1,15,204,252,ls,parent
1,16,204,252,ls,parent
1,17,204,252,ls,parent
1,18,204,252,ls,parent
1,19,204,252,ls,parent
1,20,204,252,ls,parent
1,21,204,252,ls,parent
1,22,204,252,ls,parent
1,23,204,252,ls,parent
1,24,204,252,ls,parent
1,25,204,252,ls,parent
1,26,204,252,ls,parent
1,27,204,252,ls,parent
1,28,204,252,ls,parent
1,29,204,252,ls,parent
1,30,204,252,ls,parent
1,31,204,252,ls,parent
1,32,204,252,ls,parent
1,33,204,252,ls,parent
1,34,204,252,ls,parent
1,35,204,252,ls,parent
1,36,204,252,ls,parent
1,37,204,252,ls,parent
1,38,204,252,ls,parent
1,39,204,252,ls,parent
1,40,204,252,ls,parent
2,41,204,252,ls,parent
2,42,204,252,ls,parent
2,43,204,252,ls,parent
3,44,204,252,ls,parent
3,45,204,252,ls,parent
3,46,204,252,ls,parent
3,47,204,252,ls,parent
4,48,204,252,ls,parent
4,49,204,252,ls,parent
4,50,204,252,ls,parent
5,51,204,252,ls,parent
5,52,204,252,ls,parent
5,53,204,252,ls,parent
5,54,204,252,ls,parent
6,55,204,252,ls,parent
6,56,204,252,ls,parent
6,57,204,252,ls,parent
7,58,204,252,ls,parent
7,59,204,252,ls,parent
7,60,204,252,ls,parent
7,61,204,252,ls,parent
8,62,204,252,ls,parent
8,63,204,252,ls,parent
8,64,204,252,ls,parent
9,65,204,252,ls,parent
9,66,204,252,ls,parent
9,67,204,252,ls,parent
9,68,204,252,ls,parent
10,69,204,252,ls,parent
10,70,204,252,ls,parent
10,71,204,252,ls,parent
11,72,204,252,ls,parent
